"iso3","year","value"
"AFG",1996,0.13
"AFG",1997,0
"AFG",1998,2.73
"AFG",1999,0.67
"AFG",2000,4
"AFG",2001,1
"AFG",2002,5.5
"AFG",2003,7.34
"AFG",2004,6.75
"AFG",2005,9.15
"AFG",2006,13.86
"AFG",2007,14.23
"AFG",2008,12.5
"AFG",2009,26.14
"AFG",2010,27.68
"AFG",2011,41.62
"AFG",2012,34.65
"AFG",2013,27.31
"AFG",2014,35.01
"AFG",2015,21.19
"AFG",2016,59.55
"AFG",2017,72.4
"AFG",2018,90.34
"AFG",2019,139.36
"AFG",2020,145.71
"AFG",2021,177.39
"AFG",2022,169.19
"AGO",1996,5.95
"AGO",1997,7.33
"AGO",1998,4.11
"AGO",1999,3.93
"AGO",2000,6.08
"AGO",2001,9.58
"AGO",2002,16.13
"AGO",2003,5.89
"AGO",2004,9.73
"AGO",2005,10.04
"AGO",2006,12.57
"AGO",2007,10.16
"AGO",2008,11.85
"AGO",2009,13.78
"AGO",2010,14.68
"AGO",2011,17.78
"AGO",2012,21.3
"AGO",2013,23.85
"AGO",2014,34.57
"AGO",2015,32.12
"AGO",2016,37.81
"AGO",2017,55.13
"AGO",2018,29.7
"AGO",2019,36.39
"AGO",2020,48.51
"AGO",2021,42.35
"AGO",2022,44.99
"ALB",1996,36.82
"ALB",1997,26.52
"ALB",1998,31.89
"ALB",1999,23.84
"ALB",2000,22.34
"ALB",2001,18.38
"ALB",2002,24.53
"ALB",2003,22.68
"ALB",2004,17.91
"ALB",2005,25.77
"ALB",2006,26.35
"ALB",2007,41.9
"ALB",2008,52.48
"ALB",2009,68.72
"ALB",2010,124.83
"ALB",2011,140.71
"ALB",2012,150.63
"ALB",2013,148.81
"ALB",2014,154.14
"ALB",2015,159.48
"ALB",2016,165.44
"ALB",2017,133.42
"ALB",2018,170.56
"ALB",2019,203.1
"ALB",2020,167.16
"ALB",2021,241.09
"ALB",2022,238.59
"AND",1996,2
"AND",1997,0.87
"AND",1998,2.08
"AND",1999,0
"AND",2000,0
"AND",2001,2.64
"AND",2002,0.5
"AND",2003,4.7
"AND",2004,1.31
"AND",2005,4.93
"AND",2006,5.02
"AND",2007,6.23
"AND",2008,1.68
"AND",2009,2.55
"AND",2010,1.2
"AND",2011,0.88
"AND",2012,4.53
"AND",2013,5.26
"AND",2014,4.18
"AND",2015,7.96
"AND",2016,7.83
"AND",2017,1.67
"AND",2018,3.19
"AND",2019,5.41
"AND",2020,8.14
"AND",2021,9.44
"AND",2022,9.6
"ARE",1996,294.31
"ARE",1997,282.44
"ARE",1998,320.66
"ARE",1999,247.78
"ARE",2000,324.89
"ARE",2001,376.47
"ARE",2002,393.49
"ARE",2003,546.62
"ARE",2004,563.1
"ARE",2005,718.77
"ARE",2006,835.69
"ARE",2007,788.38
"ARE",2008,906.71
"ARE",2009,1044.34
"ARE",2010,1264.69
"ARE",2011,1423.22
"ARE",2012,1607.36
"ARE",2013,1763.04
"ARE",2014,1814.55
"ARE",2015,2314.25
"ARE",2016,2562.72
"ARE",2017,2866.45
"ARE",2018,3080.82
"ARE",2019,4137.79
"ARE",2020,4467.88
"ARE",2021,5266.62
"ARE",2022,6401.84
"ARG",1996,3385.12
"ARG",1997,3768.19
"ARG",1998,3724.97
"ARG",1999,4017.86
"ARG",2000,4231.85
"ARG",2001,4356.17
"ARG",2002,4681.53
"ARG",2003,4484.81
"ARG",2004,4604.3
"ARG",2005,4883.23
"ARG",2006,5574.16
"ARG",2007,5682.94
"ARG",2008,6229.5
"ARG",2009,6819.11
"ARG",2010,7153.65
"ARG",2011,7625.07
"ARG",2012,7803.52
"ARG",2013,7945.07
"ARG",2014,8330.4
"ARG",2015,8393.72
"ARG",2016,8601.99
"ARG",2017,8793.98
"ARG",2018,9234.47
"ARG",2019,9223.65
"ARG",2020,9999.61
"ARG",2021,9980.73
"ARG",2022,9122.18
"ARM",1996,333.15
"ARM",1997,262.14
"ARM",1998,277.22
"ARM",1999,266.47
"ARM",2000,348.04
"ARM",2001,323.2
"ARM",2002,319.06
"ARM",2003,323.45
"ARM",2004,344.62
"ARM",2005,394.95
"ARM",2006,358.51
"ARM",2007,405.91
"ARM",2008,384.85
"ARM",2009,438.63
"ARM",2010,493.99
"ARM",2011,588.71
"ARM",2012,548.98
"ARM",2013,532.37
"ARM",2014,540.71
"ARM",2015,534.03
"ARM",2016,536.98
"ARM",2017,539.3
"ARM",2018,524.57
"ARM",2019,627.03
"ARM",2020,622.39
"ARM",2021,576.14
"ARM",2022,655.3
"ATG",1996,0
"ATG",1997,1.14
"ATG",1998,0.13
"ATG",1999,1.2
"ATG",2000,0.25
"ATG",2001,1
"ATG",2002,2.08
"ATG",2003,1.83
"ATG",2004,0.67
"ATG",2005,1.79
"ATG",2006,1.58
"ATG",2007,5.25
"ATG",2008,5.29
"ATG",2009,3.78
"ATG",2010,2.19
"ATG",2011,0.85
"ATG",2012,2.08
"ATG",2013,2.72
"ATG",2014,1.7
"ATG",2015,3.3
"ATG",2016,4.34
"ATG",2017,5.45
"ATG",2018,4.64
"ATG",2019,6.32
"ATG",2020,6.56
"ATG",2021,7.43
"ATG",2022,7.02
"AUS",1996,20800.25
"AUS",1997,21727.72
"AUS",1998,21981.46
"AUS",1999,22207
"AUS",2000,23495.94
"AUS",2001,23969.95
"AUS",2002,24502.31
"AUS",2003,25877.1
"AUS",2004,28033.19
"AUS",2005,31994.97
"AUS",2006,34320.11
"AUS",2007,36315.46
"AUS",2008,37767.96
"AUS",2009,39537.36
"AUS",2010,42096.62
"AUS",2011,45374.3
"AUS",2012,46728.07
"AUS",2013,50921.2
"AUS",2014,52854.67
"AUS",2015,54235.21
"AUS",2016,55173.81
"AUS",2017,55219.84
"AUS",2018,56691.37
"AUS",2019,58770.26
"AUS",2020,58870.89
"AUS",2021,61975.95
"AUS",2022,62305.03
"AUT",1996,5949.63
"AUT",1997,6304.13
"AUT",1998,6222.3
"AUT",1999,6264.67
"AUT",2000,6614.6
"AUT",2001,7073.06
"AUT",2002,7505.6
"AUT",2003,7972.47
"AUT",2004,8157.43
"AUT",2005,9013.02
"AUT",2006,9235.59
"AUT",2007,9930.95
"AUT",2008,10426.33
"AUT",2009,10977.59
"AUT",2010,11211.53
"AUT",2011,11806.83
"AUT",2012,12181.72
"AUT",2013,12414.79
"AUT",2014,12632.76
"AUT",2015,13137.08
"AUT",2016,12976.33
"AUT",2017,13072.27
"AUT",2018,13121.29
"AUT",2019,13708.07
"AUT",2020,14005.41
"AUT",2021,14969.64
"AUT",2022,14537.08
"AZE",1996,220.9
"AZE",1997,210.93
"AZE",1998,172.07
"AZE",1999,165.6
"AZE",2000,158.76
"AZE",2001,168.62
"AZE",2002,255.89
"AZE",2003,287.37
"AZE",2004,369.87
"AZE",2005,359.53
"AZE",2006,285.61
"AZE",2007,416.03
"AZE",2008,482.58
"AZE",2009,630.91
"AZE",2010,603.88
"AZE",2011,640.75
"AZE",2012,679.97
"AZE",2013,476.47
"AZE",2014,391.27
"AZE",2015,449.94
"AZE",2016,592.94
"AZE",2017,732.12
"AZE",2018,810.68
"AZE",2019,924.14
"AZE",2020,1033.88
"AZE",2021,1014.28
"AZE",2022,1174.57
"BDI",1996,9.82
"BDI",1997,13.35
"BDI",1998,3.81
"BDI",1999,6.1
"BDI",2000,1.65
"BDI",2001,3.58
"BDI",2002,0.93
"BDI",2003,4.42
"BDI",2004,5.02
"BDI",2005,4.3
"BDI",2006,5.63
"BDI",2007,4.48
"BDI",2008,2.54
"BDI",2009,3.33
"BDI",2010,12.37
"BDI",2011,10.02
"BDI",2012,10.65
"BDI",2013,14.28
"BDI",2014,12.91
"BDI",2015,12.5
"BDI",2016,11.72
"BDI",2017,13.19
"BDI",2018,20.41
"BDI",2019,29.9
"BDI",2020,35.24
"BDI",2021,26.93
"BDI",2022,27.99
"BEL",1996,8826.61
"BEL",1997,9009.03
"BEL",1998,9409.54
"BEL",1999,9244.92
"BEL",2000,9593.02
"BEL",2001,9951.02
"BEL",2002,10242.87
"BEL",2003,10883.66
"BEL",2004,11535.55
"BEL",2005,12766.14
"BEL",2006,13014.6
"BEL",2007,13622.59
"BEL",2008,14332.71
"BEL",2009,14799.65
"BEL",2010,15080.34
"BEL",2011,15583.08
"BEL",2012,16327.84
"BEL",2013,16589.95
"BEL",2014,16888.19
"BEL",2015,16730.49
"BEL",2016,16792.56
"BEL",2017,16305.94
"BEL",2018,16529.95
"BEL",2019,16644.86
"BEL",2020,16947.47
"BEL",2021,18319.58
"BEL",2022,17612.3
"BEN",1996,28.51
"BEN",1997,45.95
"BEN",1998,40.3
"BEN",1999,42.5
"BEN",2000,45.48
"BEN",2001,42.87
"BEN",2002,44.73
"BEN",2003,46.42
"BEN",2004,60.84
"BEN",2005,60.94
"BEN",2006,77.59
"BEN",2007,93.97
"BEN",2008,92.83
"BEN",2009,117.63
"BEN",2010,105.59
"BEN",2011,128.9
"BEN",2012,143.3
"BEN",2013,178.78
"BEN",2014,179.52
"BEN",2015,180
"BEN",2016,173.32
"BEN",2017,207.64
"BEN",2018,233.16
"BEN",2019,276.96
"BEN",2020,317.18
"BEN",2021,381.61
"BEN",2022,413.69
"BFA",1996,36.72
"BFA",1997,52.2
"BFA",1998,84.78
"BFA",1999,61.62
"BFA",2000,48.5
"BFA",2001,63.92
"BFA",2002,71.81
"BFA",2003,76.54
"BFA",2004,71.32
"BFA",2005,72.52
"BFA",2006,99.37
"BFA",2007,105.16
"BFA",2008,119.4
"BFA",2009,129.04
"BFA",2010,124.54
"BFA",2011,150.19
"BFA",2012,189
"BFA",2013,163.87
"BFA",2014,169.34
"BFA",2015,192.98
"BFA",2016,205.94
"BFA",2017,208.93
"BFA",2018,254.91
"BFA",2019,261.75
"BFA",2020,261.62
"BFA",2021,331.81
"BFA",2022,411.23
"BGD",1996,368.49
"BGD",1997,396.28
"BGD",1998,389.76
"BGD",1999,407.26
"BGD",2000,444.19
"BGD",2001,434.28
"BGD",2002,420.78
"BGD",2003,493.64
"BGD",2004,531.3
"BGD",2005,593.35
"BGD",2006,740.2
"BGD",2007,871.17
"BGD",2008,1056.49
"BGD",2009,1159.19
"BGD",2010,1426.96
"BGD",2011,1391.46
"BGD",2012,1921.35
"BGD",2013,1787.42
"BGD",2014,2408.26
"BGD",2015,2182.74
"BGD",2016,2590.98
"BGD",2017,3126.85
"BGD",2018,3182.44
"BGD",2019,5204.89
"BGD",2020,5121.48
"BGD",2021,7551.78
"BGD",2022,7056.17
"BGR",1996,1909.71
"BGR",1997,1753.32
"BGR",1998,1764.7
"BGR",1999,1800.04
"BGR",2000,1676.87
"BGR",2001,1657.78
"BGR",2002,1680.94
"BGR",2003,1714.23
"BGR",2004,1850.12
"BGR",2005,2032.9
"BGR",2006,1932.09
"BGR",2007,2469.59
"BGR",2008,2345.31
"BGR",2009,2682.99
"BGR",2010,2606.28
"BGR",2011,2459
"BGR",2012,2648.91
"BGR",2013,2680.44
"BGR",2014,2661.88
"BGR",2015,2554.77
"BGR",2016,2544.29
"BGR",2017,2963.85
"BGR",2018,3375.36
"BGR",2019,4302.46
"BGR",2020,4559.2
"BGR",2021,4858.99
"BGR",2022,4784.13
"BHR",1996,92.81
"BHR",1997,71.24
"BHR",1998,90.92
"BHR",1999,89.99
"BHR",2000,85.53
"BHR",2001,83.76
"BHR",2002,71
"BHR",2003,132.81
"BHR",2004,142.48
"BHR",2005,161.53
"BHR",2006,182.09
"BHR",2007,177.24
"BHR",2008,160.23
"BHR",2009,189.71
"BHR",2010,213
"BHR",2011,180.98
"BHR",2012,159.51
"BHR",2013,241.91
"BHR",2014,214.55
"BHR",2015,180.86
"BHR",2016,234.78
"BHR",2017,255.57
"BHR",2018,337.97
"BHR",2019,465.67
"BHR",2020,509
"BHR",2021,650.35
"BHR",2022,671.6
"BHS",1996,2.9
"BHS",1997,3.08
"BHS",1998,4.1
"BHS",1999,2.7
"BHS",2000,1.7
"BHS",2001,5.19
"BHS",2002,5.13
"BHS",2003,3.66
"BHS",2004,3.03
"BHS",2005,7.37
"BHS",2006,6.12
"BHS",2007,11.14
"BHS",2008,6.05
"BHS",2009,9.83
"BHS",2010,9.2
"BHS",2011,10.78
"BHS",2012,8.01
"BHS",2013,18.89
"BHS",2014,15.89
"BHS",2015,12.77
"BHS",2016,13.91
"BHS",2017,20.78
"BHS",2018,20.64
"BHS",2019,19
"BHS",2020,21.42
"BHS",2021,22.14
"BHS",2022,17.75
"BIH",1996,33.17
"BIH",1997,43.07
"BIH",1998,42.43
"BIH",1999,107.02
"BIH",2000,76.59
"BIH",2001,68.64
"BIH",2002,113.91
"BIH",2003,155.74
"BIH",2004,208.97
"BIH",2005,256.37
"BIH",2006,298.29
"BIH",2007,324.95
"BIH",2008,398.8
"BIH",2009,458.34
"BIH",2010,491.73
"BIH",2011,551.18
"BIH",2012,550.32
"BIH",2013,490.13
"BIH",2014,491.61
"BIH",2015,584.17
"BIH",2016,584.92
"BIH",2017,748.93
"BIH",2018,761.17
"BIH",2019,829.49
"BIH",2020,1004.72
"BIH",2021,1122.99
"BIH",2022,1039.36
"BLR",1996,1285.54
"BLR",1997,1352.75
"BLR",1998,1312.38
"BLR",1999,1133.6
"BLR",2000,1203.02
"BLR",2001,1330.16
"BLR",2002,1325.49
"BLR",2003,1279.07
"BLR",2004,1285.37
"BLR",2005,1339.42
"BLR",2006,1210.16
"BLR",2007,1310.09
"BLR",2008,1070.73
"BLR",2009,1205.3
"BLR",2010,1054.44
"BLR",2011,1114.89
"BLR",2012,1043.1
"BLR",2013,1107.04
"BLR",2014,1059.93
"BLR",2015,988.28
"BLR",2016,1008.15
"BLR",2017,1080.38
"BLR",2018,1228.81
"BLR",2019,1502.43
"BLR",2020,1521.33
"BLR",2021,1597.03
"BLR",2022,1519.37
"BLZ",1996,1.96
"BLZ",1997,3.28
"BLZ",1998,3.95
"BLZ",1999,2.23
"BLZ",2000,0.62
"BLZ",2001,2
"BLZ",2002,1.91
"BLZ",2003,4.76
"BLZ",2004,4.92
"BLZ",2005,5.83
"BLZ",2006,4.83
"BLZ",2007,2.23
"BLZ",2008,3.64
"BLZ",2009,8.51
"BLZ",2010,10.82
"BLZ",2011,2.26
"BLZ",2012,8.3
"BLZ",2013,7.75
"BLZ",2014,5.16
"BLZ",2015,7.64
"BLZ",2016,5.88
"BLZ",2017,11.55
"BLZ",2018,9.74
"BLZ",2019,10.21
"BLZ",2020,17.62
"BLZ",2021,12.52
"BLZ",2022,17.74
"BOL",1996,28.73
"BOL",1997,39.32
"BOL",1998,39.05
"BOL",1999,53.82
"BOL",2000,37.82
"BOL",2001,42.27
"BOL",2002,46.61
"BOL",2003,50.8
"BOL",2004,46.6
"BOL",2005,63.68
"BOL",2006,69.72
"BOL",2007,85.95
"BOL",2008,93.85
"BOL",2009,85.38
"BOL",2010,79.43
"BOL",2011,82.48
"BOL",2012,86.1
"BOL",2013,90.53
"BOL",2014,89.46
"BOL",2015,89.18
"BOL",2016,92.83
"BOL",2017,92.6
"BOL",2018,110.67
"BOL",2019,134.03
"BOL",2020,178.44
"BOL",2021,176.29
"BOL",2022,188.02
"BRA",1996,7645.85
"BRA",1997,9303.48
"BRA",1998,10498.24
"BRA",1999,11423.81
"BRA",2000,12800.36
"BRA",2001,13914.7
"BRA",2002,16156.58
"BRA",2003,17730.62
"BRA",2004,19960.57
"BRA",2005,22460.22
"BRA",2006,28610.05
"BRA",2007,31153.54
"BRA",2008,35574.01
"BRA",2009,38510.99
"BRA",2010,41760.03
"BRA",2011,44155.52
"BRA",2012,48166.15
"BRA",2013,50197.15
"BRA",2014,52367.03
"BRA",2015,53504.24
"BRA",2016,55719.12
"BRA",2017,59143.03
"BRA",2018,63130.11
"BRA",2019,66506.17
"BRA",2020,70490.47
"BRA",2021,73727.34
"BRA",2022,67030.59
"BRB",1996,19.25
"BRB",1997,24.5
"BRB",1998,29.19
"BRB",1999,28.87
"BRB",2000,27.79
"BRB",2001,43.08
"BRB",2002,38
"BRB",2003,46.11
"BRB",2004,54.09
"BRB",2005,37.07
"BRB",2006,49.71
"BRB",2007,49.79
"BRB",2008,46.14
"BRB",2009,37.63
"BRB",2010,30.06
"BRB",2011,35.82
"BRB",2012,48.49
"BRB",2013,41.83
"BRB",2014,45.47
"BRB",2015,55.17
"BRB",2016,54.32
"BRB",2017,50.16
"BRB",2018,48.22
"BRB",2019,53.74
"BRB",2020,61.93
"BRB",2021,55.51
"BRB",2022,72.38
"BRN",1996,34.91
"BRN",1997,26.68
"BRN",1998,41.61
"BRN",1999,37.16
"BRN",2000,38.26
"BRN",2001,32
"BRN",2002,24.27
"BRN",2003,37.66
"BRN",2004,37.87
"BRN",2005,35.14
"BRN",2006,41.66
"BRN",2007,43.81
"BRN",2008,50.67
"BRN",2009,51.01
"BRN",2010,58.16
"BRN",2011,79.69
"BRN",2012,116.39
"BRN",2013,123.02
"BRN",2014,186.05
"BRN",2015,174.11
"BRN",2016,220.47
"BRN",2017,200.95
"BRN",2018,294.39
"BRN",2019,230.03
"BRN",2020,292.63
"BRN",2021,335.16
"BRN",2022,414.38
"BTN",1996,2.46
"BTN",1997,3.17
"BTN",1998,2.6
"BTN",1999,0.96
"BTN",2000,1.08
"BTN",2001,1
"BTN",2002,6.23
"BTN",2003,3.66
"BTN",2004,9.36
"BTN",2005,5.98
"BTN",2006,17.38
"BTN",2007,8.58
"BTN",2008,6.64
"BTN",2009,9.55
"BTN",2010,18.46
"BTN",2011,16.25
"BTN",2012,16.22
"BTN",2013,28.2
"BTN",2014,28.36
"BTN",2015,26.15
"BTN",2016,43.67
"BTN",2017,47.63
"BTN",2018,53
"BTN",2019,56.06
"BTN",2020,82.17
"BTN",2021,105.03
"BTN",2022,115.3
"BWA",1996,74.49
"BWA",1997,73.06
"BWA",1998,87.79
"BWA",1999,88.82
"BWA",2000,111.88
"BWA",2001,102.48
"BWA",2002,121.09
"BWA",2003,122.34
"BWA",2004,133.42
"BWA",2005,123.61
"BWA",2006,185.14
"BWA",2007,152.42
"BWA",2008,165.71
"BWA",2009,167.66
"BWA",2010,163.97
"BWA",2011,167.78
"BWA",2012,159.99
"BWA",2013,167.45
"BWA",2014,204.79
"BWA",2015,163.66
"BWA",2016,236.02
"BWA",2017,240.19
"BWA",2018,285.21
"BWA",2019,308.55
"BWA",2020,324.27
"BWA",2021,386.48
"BWA",2022,392.69
"CAF",1996,8.37
"CAF",1997,10.34
"CAF",1998,13.89
"CAF",1999,9.82
"CAF",2000,6.13
"CAF",2001,6.87
"CAF",2002,3.72
"CAF",2003,10.41
"CAF",2004,10.4
"CAF",2005,8.36
"CAF",2006,13.25
"CAF",2007,8.41
"CAF",2008,10.14
"CAF",2009,11.05
"CAF",2010,14.24
"CAF",2011,15.27
"CAF",2012,10.58
"CAF",2013,12.59
"CAF",2014,17.22
"CAF",2015,12.65
"CAF",2016,27.42
"CAF",2017,18.45
"CAF",2018,21.89
"CAF",2019,16.74
"CAF",2020,19.56
"CAF",2021,15.27
"CAF",2022,19.82
"CAN",1996,34829.82
"CAN",1997,34295.03
"CAN",1998,33117.69
"CAN",1999,32493.5
"CAN",2000,34252.57
"CAN",2001,33653.44
"CAN",2002,36459.85
"CAN",2003,38722.16
"CAN",2004,42633.37
"CAN",2005,47844.97
"CAN",2006,50605.96
"CAN",2007,51979.5
"CAN",2008,53779.61
"CAN",2009,55876.68
"CAN",2010,56793.27
"CAN",2011,57715.63
"CAN",2012,59761.57
"CAN",2013,60074.83
"CAN",2014,60858.96
"CAN",2015,61391.62
"CAN",2016,61324.12
"CAN",2017,61601.66
"CAN",2018,63648.46
"CAN",2019,64546.67
"CAN",2020,65331.55
"CAN",2021,69684.17
"CAN",2022,69051.87
"CHE",1996,11499.01
"CHE",1997,11877.96
"CHE",1998,11985.86
"CHE",1999,11964.4
"CHE",2000,12621.43
"CHE",2001,12297.66
"CHE",2002,12478.85
"CHE",2003,13301.5
"CHE",2004,14278.45
"CHE",2005,15614.51
"CHE",2006,16657.93
"CHE",2007,17063.84
"CHE",2008,17517.85
"CHE",2009,18057.17
"CHE",2010,18894.59
"CHE",2011,19935.07
"CHE",2012,20963.19
"CHE",2013,21599.81
"CHE",2014,22166.96
"CHE",2015,22207.15
"CHE",2016,22401.11
"CHE",2017,23044.72
"CHE",2018,22749.87
"CHE",2019,23076.47
"CHE",2020,23656.76
"CHE",2021,25078.21
"CHE",2022,24247.97
"CHL",1996,1293.65
"CHL",1997,1422.85
"CHL",1998,1366.28
"CHL",1999,1498.84
"CHL",2000,1552.28
"CHL",2001,1646.31
"CHL",2002,2060.22
"CHL",2003,2100.02
"CHL",2004,2248.21
"CHL",2005,2533.92
"CHL",2006,3132.37
"CHL",2007,3293.8
"CHL",2008,3759.34
"CHL",2009,3981.25
"CHL",2010,4235.52
"CHL",2011,4534.62
"CHL",2012,5059.05
"CHL",2013,5099.24
"CHL",2014,5871.42
"CHL",2015,6161.44
"CHL",2016,6774.99
"CHL",2017,6921.66
"CHL",2018,7572.42
"CHL",2019,8012.18
"CHL",2020,9032.26
"CHL",2021,9990.88
"CHL",2022,9057.77
"CHN",1996,33621.11
"CHN",1997,37424.8
"CHN",1998,43775.33
"CHN",1999,45192.17
"CHN",2000,53284.78
"CHN",2001,70675.54
"CHN",2002,75171.18
"CHN",2003,88585.08
"CHN",2004,121751.14
"CHN",2005,165867.16
"CHN",2006,192881.56
"CHN",2007,213648.18
"CHN",2008,248120.21
"CHN",2009,285755.68
"CHN",2010,309193.41
"CHN",2011,323331.81
"CHN",2012,329067.39
"CHN",2013,355650.59
"CHN",2014,385100.77
"CHN",2015,406733.9
"CHN",2016,436613.57
"CHN",2017,468712.74
"CHN",2018,532295.26
"CHN",2019,617494.48
"CHN",2020,672734.7
"CHN",2021,766200.41
"CHN",2022,898949.09
"CIV",1996,79.05
"CIV",1997,114.9
"CIV",1998,99.19
"CIV",1999,108.1
"CIV",2000,75.76
"CIV",2001,81.14
"CIV",2002,78.97
"CIV",2003,99.37
"CIV",2004,107.13
"CIV",2005,102.07
"CIV",2006,100.1
"CIV",2007,119.18
"CIV",2008,165.66
"CIV",2009,150
"CIV",2010,155.06
"CIV",2011,180.31
"CIV",2012,185.59
"CIV",2013,157.68
"CIV",2014,181.43
"CIV",2015,177.4
"CIV",2016,174.13
"CIV",2017,205.54
"CIV",2018,248.35
"CIV",2019,241.19
"CIV",2020,249.23
"CIV",2021,334.45
"CIV",2022,297.65
"CMR",1996,117.49
"CMR",1997,130.21
"CMR",1998,129.96
"CMR",1999,122.21
"CMR",2000,118.07
"CMR",2001,152.21
"CMR",2002,191.66
"CMR",2003,212.67
"CMR",2004,212.83
"CMR",2005,283.86
"CMR",2006,316.33
"CMR",2007,301.64
"CMR",2008,318.54
"CMR",2009,344.09
"CMR",2010,355.08
"CMR",2011,402.04
"CMR",2012,408.48
"CMR",2013,468.51
"CMR",2014,565.1
"CMR",2015,596.57
"CMR",2016,673.48
"CMR",2017,795.89
"CMR",2018,873.26
"CMR",2019,933.48
"CMR",2020,1108.11
"CMR",2021,1338.46
"CMR",2022,1506.03
"COD",1996,14.55
"COD",1997,19.8
"COD",1998,18.03
"COD",1999,16.27
"COD",2000,15.01
"COD",2001,9.05
"COD",2002,11.52
"COD",2003,15.24
"COD",2004,13.8
"COD",2005,22.85
"COD",2006,24.58
"COD",2007,31.47
"COD",2008,39.97
"COD",2009,44.55
"COD",2010,52.94
"COD",2011,45.72
"COD",2012,70.06
"COD",2013,67.57
"COD",2014,86.12
"COD",2015,98.77
"COD",2016,97.2
"COD",2017,123.04
"COD",2018,141.87
"COD",2019,138.67
"COD",2020,175.79
"COD",2021,213.24
"COD",2022,237.5
"COG",1996,24.29
"COG",1997,11.29
"COG",1998,20.67
"COG",1999,23.01
"COG",2000,17.35
"COG",2001,15.8
"COG",2002,23.93
"COG",2003,34.59
"COG",2004,41.04
"COG",2005,45.62
"COG",2006,46.19
"COG",2007,46.38
"COG",2008,48.67
"COG",2009,40.4
"COG",2010,41.36
"COG",2011,46.01
"COG",2012,54.44
"COG",2013,51.36
"COG",2014,70.56
"COG",2015,78.11
"COG",2016,76.62
"COG",2017,66.74
"COG",2018,62.22
"COG",2019,76.77
"COG",2020,75.72
"COG",2021,88.68
"COG",2022,90.39
"COL",1996,362.45
"COL",1997,406.22
"COL",1998,394.84
"COL",1999,463.17
"COL",2000,535.48
"COL",2001,533.64
"COL",2002,680.85
"COL",2003,713.03
"COL",2004,858.09
"COL",2005,988.47
"COL",2006,1449.56
"COL",2007,1562.09
"COL",2008,2357.93
"COL",2009,2705.91
"COL",2010,3169.79
"COL",2011,3541.93
"COL",2012,4076.94
"COL",2013,4525.2
"COL",2014,4993.33
"COL",2015,5383.5
"COL",2016,6417.19
"COL",2017,6701.16
"COL",2018,7531.98
"COL",2019,8752.82
"COL",2020,9599.78
"COL",2021,10300.11
"COL",2022,9683.4
"COM",1996,0.9
"COM",1997,1.29
"COM",1998,0.13
"COM",1999,1.25
"COM",2000,0.98
"COM",2001,0.2
"COM",2002,0.2
"COM",2003,0.33
"COM",2004,1.17
"COM",2005,2.4
"COM",2006,1.17
"COM",2007,3.59
"COM",2008,0.74
"COM",2009,0.76
"COM",2010,2.15
"COM",2011,3.95
"COM",2012,1.2
"COM",2013,8.93
"COM",2014,1.51
"COM",2015,1.74
"COM",2016,4.84
"COM",2017,3.89
"COM",2018,3.07
"COM",2019,3.79
"COM",2020,3.51
"COM",2021,4.82
"COM",2022,3.74
"CPV",1996,0.53
"CPV",1997,0.5
"CPV",1998,0.2
"CPV",1999,1.48
"CPV",2000,0.25
"CPV",2001,0.67
"CPV",2002,0.17
"CPV",2003,1.39
"CPV",2004,0.75
"CPV",2005,0.37
"CPV",2006,4.14
"CPV",2007,3.67
"CPV",2008,2.47
"CPV",2009,5.04
"CPV",2010,3.05
"CPV",2011,2.7
"CPV",2012,3.88
"CPV",2013,7.6
"CPV",2014,8.77
"CPV",2015,11.85
"CPV",2016,8.78
"CPV",2017,14.24
"CPV",2018,8.94
"CPV",2019,13.9
"CPV",2020,20.9
"CPV",2021,23.6
"CPV",2022,22.01
"CRI",1996,158.45
"CRI",1997,166.95
"CRI",1998,157.79
"CRI",1999,127.05
"CRI",2000,121.83
"CRI",2001,169.1
"CRI",2002,162.07
"CRI",2003,154.49
"CRI",2004,219.26
"CRI",2005,219.47
"CRI",2006,226.8
"CRI",2007,232.82
"CRI",2008,246.75
"CRI",2009,250.87
"CRI",2010,272.47
"CRI",2011,266.45
"CRI",2012,311.7
"CRI",2013,275.45
"CRI",2014,365.39
"CRI",2015,363.09
"CRI",2016,425.5
"CRI",2017,483.69
"CRI",2018,542.38
"CRI",2019,631.94
"CRI",2020,702.29
"CRI",2021,753.03
"CRI",2022,711.36
"CUB",1996,576.43
"CUB",1997,698.71
"CUB",1998,888.57
"CUB",1999,949.4
"CUB",2000,956.5
"CUB",2001,1003.81
"CUB",2002,953.97
"CUB",2003,793.22
"CUB",2004,789.67
"CUB",2005,967.02
"CUB",2006,1224.99
"CUB",2007,1096.51
"CUB",2008,1163.54
"CUB",2009,1419.43
"CUB",2010,1293.77
"CUB",2011,1520.7
"CUB",2012,1526.64
"CUB",2013,1570.27
"CUB",2014,1471.66
"CUB",2015,1342.36
"CUB",2016,1158.34
"CUB",2017,1134.65
"CUB",2018,1167.92
"CUB",2019,1115.94
"CUB",2020,1366.16
"CUB",2021,1532.31
"CUB",2022,1237.5
"CYP",1996,94.99
"CYP",1997,118.96
"CYP",1998,111.63
"CYP",1999,118.22
"CYP",2000,158.13
"CYP",2001,134.94
"CYP",2002,196.94
"CYP",2003,178.13
"CYP",2004,256.78
"CYP",2005,318.12
"CYP",2006,353.72
"CYP",2007,433.39
"CYP",2008,508.23
"CYP",2009,654.5
"CYP",2010,712
"CYP",2011,759.41
"CYP",2012,798.85
"CYP",2013,964.53
"CYP",2014,914.61
"CYP",2015,937.96
"CYP",2016,1071.31
"CYP",2017,1223.71
"CYP",2018,1296.14
"CYP",2019,1351.09
"CYP",2020,1466.69
"CYP",2021,1733.92
"CYP",2022,1866.52
"CZE",1996,4361.86
"CZE",1997,4616.99
"CZE",1998,4599.59
"CZE",1999,4929.16
"CZE",2000,5330.3
"CZE",2001,5742.18
"CZE",2002,6038.75
"CZE",2003,6396.07
"CZE",2004,6989.49
"CZE",2005,7858.01
"CZE",2006,8785.97
"CZE",2007,10022.53
"CZE",2008,10752.64
"CZE",2009,11107.58
"CZE",2010,12461.34
"CZE",2011,13384.8
"CZE",2012,13617.94
"CZE",2013,13764.71
"CZE",2014,15039.45
"CZE",2015,16488.26
"CZE",2016,16418.09
"CZE",2017,16387.57
"CZE",2018,15899.72
"CZE",2019,16546.99
"CZE",2020,15501.35
"CZE",2021,15882.75
"CZE",2022,14425.23
"DEU",1996,64230.05
"DEU",1997,68275.18
"DEU",1998,69447.96
"DEU",1999,67533.92
"DEU",2000,69738.56
"DEU",2001,71531.01
"DEU",2002,71994.35
"DEU",2003,74319.9
"DEU",2004,77210.07
"DEU",2005,85127.72
"DEU",2006,87144.84
"DEU",2007,90199.02
"DEU",2008,93343.56
"DEU",2009,96399.98
"DEU",2010,98512.11
"DEU",2011,101238.25
"DEU",2012,105639.02
"DEU",2013,106118.13
"DEU",2014,108118.23
"DEU",2015,108479.28
"DEU",2016,110725.54
"DEU",2017,111426.61
"DEU",2018,111308.13
"DEU",2019,113491.66
"DEU",2020,112179.45
"DEU",2021,119603.62
"DEU",2022,113976.3
"DJI",1996,3.11
"DJI",1997,5
"DJI",1998,1.93
"DJI",1999,0.17
"DJI",2000,2
"DJI",2001,0.64
"DJI",2002,1.28
"DJI",2003,1.33
"DJI",2004,1.88
"DJI",2005,3.71
"DJI",2006,2.71
"DJI",2007,3.28
"DJI",2008,3.32
"DJI",2009,8.12
"DJI",2010,6.87
"DJI",2011,4.24
"DJI",2012,7.42
"DJI",2013,6.45
"DJI",2014,7.51
"DJI",2015,5.71
"DJI",2016,4.19
"DJI",2017,5.24
"DJI",2018,6.54
"DJI",2019,4.88
"DJI",2020,10.48
"DJI",2021,8.2
"DJI",2022,13.16
"DMA",1996,1.65
"DMA",1997,0.64
"DMA",1998,3.81
"DMA",1999,0
"DMA",2000,0
"DMA",2001,4.26
"DMA",2002,2
"DMA",2003,4.58
"DMA",2004,2.16
"DMA",2005,5.27
"DMA",2006,4.19
"DMA",2007,3.94
"DMA",2008,5.22
"DMA",2009,4.22
"DMA",2010,8.78
"DMA",2011,6.94
"DMA",2012,11.84
"DMA",2013,12.08
"DMA",2014,9.21
"DMA",2015,10.28
"DMA",2016,10.8
"DMA",2017,12
"DMA",2018,11.83
"DMA",2019,5.15
"DMA",2020,5.46
"DMA",2021,6.91
"DMA",2022,5.17
"DNK",1996,6360.3
"DNK",1997,7107.29
"DNK",1998,6822.62
"DNK",1999,6717.74
"DNK",2000,7180.91
"DNK",2001,7158.33
"DNK",2002,7190.23
"DNK",2003,7565.75
"DNK",2004,7939.76
"DNK",2005,8466.21
"DNK",2006,8685.4
"DNK",2007,9044.64
"DNK",2008,9294.1
"DNK",2009,9790.04
"DNK",2010,10314.12
"DNK",2011,11432.71
"DNK",2012,12398.11
"DNK",2013,12912.29
"DNK",2014,14140.3
"DNK",2015,14343.41
"DNK",2016,14395.75
"DNK",2017,14654.73
"DNK",2018,14802.91
"DNK",2019,15073.24
"DNK",2020,15427.2
"DNK",2021,16242.39
"DNK",2022,16126.02
"DOM",1996,21.24
"DOM",1997,12.84
"DOM",1998,9.98
"DOM",1999,10.66
"DOM",2000,13.3
"DOM",2001,8.14
"DOM",2002,8.46
"DOM",2003,11.53
"DOM",2004,13.74
"DOM",2005,13.88
"DOM",2006,18.1
"DOM",2007,21.12
"DOM",2008,16.52
"DOM",2009,15.46
"DOM",2010,17.26
"DOM",2011,19.39
"DOM",2012,25.65
"DOM",2013,40.72
"DOM",2014,42.42
"DOM",2015,34.66
"DOM",2016,36.46
"DOM",2017,48.5
"DOM",2018,54.97
"DOM",2019,71.11
"DOM",2020,90.86
"DOM",2021,112.22
"DOM",2022,109.82
"DZA",1996,224.92
"DZA",1997,258.62
"DZA",1998,300.8
"DZA",1999,311
"DZA",2000,381.8
"DZA",2001,447.43
"DZA",2002,488.66
"DZA",2003,635.4
"DZA",2004,856.74
"DZA",2005,896.8
"DZA",2006,1273.35
"DZA",2007,1396.35
"DZA",2008,1748.91
"DZA",2009,2115.44
"DZA",2010,2093.41
"DZA",2011,2405.01
"DZA",2012,2998.95
"DZA",2013,3397.03
"DZA",2014,3618.61
"DZA",2015,4070.79
"DZA",2016,4447.92
"DZA",2017,5141.7
"DZA",2018,5291.25
"DZA",2019,6230.58
"DZA",2020,5709.84
"DZA",2021,6839
"DZA",2022,7606.65
"ECU",1996,56.78
"ECU",1997,99.62
"ECU",1998,94.52
"ECU",1999,66.82
"ECU",2000,73.7
"ECU",2001,60.41
"ECU",2002,91.3
"ECU",2003,98.81
"ECU",2004,93.53
"ECU",2005,133.34
"ECU",2006,135.16
"ECU",2007,143.06
"ECU",2008,154.2
"ECU",2009,180.38
"ECU",2010,192.46
"ECU",2011,171.31
"ECU",2012,244.88
"ECU",2013,261.98
"ECU",2014,406.82
"ECU",2015,657.3
"ECU",2016,1152.65
"ECU",2017,1599.51
"ECU",2018,2166.56
"ECU",2019,2457.62
"ECU",2020,2930.96
"ECU",2021,3095.23
"ECU",2022,3573.97
"EGY",1996,2351.45
"EGY",1997,2342.28
"EGY",1998,2402.36
"EGY",1999,2404.74
"EGY",2000,2682.75
"EGY",2001,2953.45
"EGY",2002,3020.31
"EGY",2003,3554.55
"EGY",2004,3560.45
"EGY",2005,3617.7
"EGY",2006,3939.67
"EGY",2007,4425.22
"EGY",2008,4857.26
"EGY",2009,6012.69
"EGY",2010,6574.14
"EGY",2011,7169.3
"EGY",2012,8281.32
"EGY",2013,8509.71
"EGY",2014,9014.75
"EGY",2015,9709.94
"EGY",2016,11127.39
"EGY",2017,11187.53
"EGY",2018,13196.84
"EGY",2019,15448.49
"EGY",2020,18009.29
"EGY",2021,21379.39
"EGY",2022,24025
"ERI",1996,3.99
"ERI",1997,0.98
"ERI",1998,10.34
"ERI",1999,3.99
"ERI",2000,4.58
"ERI",2001,6.68
"ERI",2002,11.83
"ERI",2003,14.3
"ERI",2004,11.69
"ERI",2005,11.76
"ERI",2006,20.62
"ERI",2007,17.15
"ERI",2008,9.5
"ERI",2009,6.96
"ERI",2010,10.47
"ERI",2011,11.6
"ERI",2012,4.25
"ERI",2013,10.52
"ERI",2014,7.65
"ERI",2015,10.34
"ERI",2016,8.86
"ERI",2017,13.65
"ERI",2018,21.47
"ERI",2019,26.56
"ERI",2020,37.68
"ERI",2021,32.82
"ERI",2022,34.32
"ESP",1996,21122.2
"ESP",1997,22767.13
"ESP",1998,22924.81
"ESP",1999,23999.8
"ESP",2000,25000.67
"ESP",2001,26457.11
"ESP",2002,28112.36
"ESP",2003,29480.2
"ESP",2004,32067.97
"ESP",2005,36149.35
"ESP",2006,39826.15
"ESP",2007,42535.8
"ESP",2008,44455.71
"ESP",2009,47475.55
"ESP",2010,49344.84
"ESP",2011,52408.62
"ESP",2012,54679.57
"ESP",2013,54727.56
"ESP",2014,56177.8
"ESP",2015,55305.66
"ESP",2016,55591.05
"ESP",2017,55884.36
"ESP",2018,57270.34
"ESP",2019,60307.51
"ESP",2020,65541.7
"ESP",2021,70281.94
"ESP",2022,67099.71
"EST",1996,417.38
"EST",1997,404.39
"EST",1998,459.91
"EST",1999,484.81
"EST",2000,464.97
"EST",2001,516.3
"EST",2002,509.77
"EST",2003,571.1
"EST",2004,636.57
"EST",2005,720.21
"EST",2006,901.46
"EST",2007,1079.02
"EST",2008,1143.75
"EST",2009,1166.8
"EST",2010,1416.28
"EST",2011,1397.32
"EST",2012,1497.43
"EST",2013,1450.11
"EST",2014,1687.96
"EST",2015,1544.89
"EST",2016,1575.25
"EST",2017,1589.67
"EST",2018,1503.59
"EST",2019,1694.02
"EST",2020,1794.38
"EST",2021,1877.57
"EST",2022,1842.31
"ETH",1996,170.12
"ETH",1997,161.04
"ETH",1998,154.66
"ETH",1999,186.89
"ETH",2000,165.79
"ETH",2001,171.82
"ETH",2002,201.74
"ETH",2003,209.63
"ETH",2004,212.46
"ETH",2005,223.2
"ETH",2006,277.91
"ETH",2007,331.52
"ETH",2008,360.35
"ETH",2009,408.2
"ETH",2010,445.78
"ETH",2011,492.24
"ETH",2012,650.03
"ETH",2013,771.42
"ETH",2014,985.33
"ETH",2015,1014.8
"ETH",2016,1168.41
"ETH",2017,1630.8
"ETH",2018,2100.47
"ETH",2019,2735.23
"ETH",2020,4141.92
"ETH",2021,5716
"ETH",2022,7155.92
"FIN",1996,6576.37
"FIN",1997,6940.03
"FIN",1998,6928.39
"FIN",1999,6932.89
"FIN",2000,7504.8
"FIN",2001,7767.57
"FIN",2002,7849.93
"FIN",2003,8091.63
"FIN",2004,8820.77
"FIN",2005,9211.78
"FIN",2006,9476.9
"FIN",2007,9450.35
"FIN",2008,9647.85
"FIN",2009,10026.71
"FIN",2010,10072.37
"FIN",2011,10343.68
"FIN",2012,10587.78
"FIN",2013,10837.45
"FIN",2014,11283.46
"FIN",2015,11122.9
"FIN",2016,11298.48
"FIN",2017,10979.67
"FIN",2018,11150.48
"FIN",2019,11414.95
"FIN",2020,11315.41
"FIN",2021,11810.95
"FIN",2022,12012.73
"FJI",1996,17.36
"FJI",1997,20.76
"FJI",1998,22.28
"FJI",1999,22.84
"FJI",2000,27.07
"FJI",2001,39.6
"FJI",2002,37.81
"FJI",2003,44.63
"FJI",2004,61.34
"FJI",2005,58.23
"FJI",2006,85.96
"FJI",2007,85.84
"FJI",2008,71.53
"FJI",2009,64.74
"FJI",2010,69.39
"FJI",2011,65.93
"FJI",2012,64.66
"FJI",2013,83.39
"FJI",2014,118.24
"FJI",2015,101.27
"FJI",2016,166.91
"FJI",2017,140.07
"FJI",2018,162.94
"FJI",2019,160.31
"FJI",2020,183.38
"FJI",2021,206.51
"FJI",2022,212.83
"FRA",1996,46610.69
"FRA",1997,49416.52
"FRA",1998,49672.35
"FRA",1999,49210.64
"FRA",2000,50006.98
"FRA",2001,50801.94
"FRA",2002,51494.97
"FRA",2003,53080.93
"FRA",2004,55363.06
"FRA",2005,59947.65
"FRA",2006,62862.38
"FRA",2007,63765.35
"FRA",2008,66839.35
"FRA",2009,68546.59
"FRA",2010,68992.83
"FRA",2011,70701.69
"FRA",2012,72430.66
"FRA",2013,73455.58
"FRA",2014,73314.26
"FRA",2015,72732.87
"FRA",2016,71971.68
"FRA",2017,70699.91
"FRA",2018,69234.08
"FRA",2019,68294.1
"FRA",2020,67560.3
"FRA",2021,69471.16
"FRA",2022,65888.42
"FSM",1996,2.08
"FSM",1997,1
"FSM",1998,5.27
"FSM",1999,2.92
"FSM",2000,4.29
"FSM",2001,1.08
"FSM",2002,0
"FSM",2003,2.26
"FSM",2004,2.4
"FSM",2005,7.96
"FSM",2006,2
"FSM",2007,7.69
"FSM",2008,4.31
"FSM",2009,4.04
"FSM",2010,14.38
"FSM",2011,4.94
"FSM",2012,4.63
"FSM",2013,4.85
"FSM",2014,3.33
"FSM",2015,6.75
"FSM",2016,3.81
"FSM",2017,6.58
"FSM",2018,4.37
"FSM",2019,2.32
"FSM",2020,7.57
"FSM",2021,2.24
"FSM",2022,3.39
"GAB",1996,21.65
"GAB",1997,29.5
"GAB",1998,33.26
"GAB",1999,36.5
"GAB",2000,23.61
"GAB",2001,28.73
"GAB",2002,29.88
"GAB",2003,26.9
"GAB",2004,32.45
"GAB",2005,48.89
"GAB",2006,42.17
"GAB",2007,33.15
"GAB",2008,41.52
"GAB",2009,50.45
"GAB",2010,42.93
"GAB",2011,57.18
"GAB",2012,50.52
"GAB",2013,54.08
"GAB",2014,60.1
"GAB",2015,61.03
"GAB",2016,59.25
"GAB",2017,61.38
"GAB",2018,61.46
"GAB",2019,76.27
"GAB",2020,62.1
"GAB",2021,92.54
"GAB",2022,95.12
"GBR",1996,72332.42
"GBR",1997,74151.07
"GBR",1998,74207.66
"GBR",1999,73334.16
"GBR",2000,77969.06
"GBR",2001,74398.12
"GBR",2002,75375.88
"GBR",2003,77151.46
"GBR",2004,80815.73
"GBR",2005,86341.25
"GBR",2006,89912.02
"GBR",2007,92537.3
"GBR",2008,92751.47
"GBR",2009,95006.68
"GBR",2010,95150.46
"GBR",2011,96414.12
"GBR",2012,98685.19
"GBR",2013,99858.85
"GBR",2014,99810.65
"GBR",2015,101175.14
"GBR",2016,101572
"GBR",2017,102026.8
"GBR",2018,102782.03
"GBR",2019,103937.96
"GBR",2020,104648.2
"GBR",2021,109939.22
"GBR",2022,105583.93
"GEO",1996,216.91
"GEO",1997,258.71
"GEO",1998,243.6
"GEO",1999,247.35
"GEO",2000,262.72
"GEO",2001,231.08
"GEO",2002,258.71
"GEO",2003,252.78
"GEO",2004,314.64
"GEO",2005,423.6
"GEO",2006,441.69
"GEO",2007,357.88
"GEO",2008,409.08
"GEO",2009,440.68
"GEO",2010,344.56
"GEO",2011,479.16
"GEO",2012,452.71
"GEO",2013,470.11
"GEO",2014,460.12
"GEO",2015,490.4
"GEO",2016,592.01
"GEO",2017,542.95
"GEO",2018,548.01
"GEO",2019,621.16
"GEO",2020,619.47
"GEO",2021,657.35
"GEO",2022,598.53
"GHA",1996,124.99
"GHA",1997,135.69
"GHA",1998,130.02
"GHA",1999,129.11
"GHA",2000,139.15
"GHA",2001,117.26
"GHA",2002,148.88
"GHA",2003,149.24
"GHA",2004,173.48
"GHA",2005,189.04
"GHA",2006,188.01
"GHA",2007,234.56
"GHA",2008,254.85
"GHA",2009,307.36
"GHA",2010,355.3
"GHA",2011,409.64
"GHA",2012,514.3
"GHA",2013,580.35
"GHA",2014,623.17
"GHA",2015,786.31
"GHA",2016,1008
"GHA",2017,1116.58
"GHA",2018,1363.5
"GHA",2019,1656.45
"GHA",2020,2076.52
"GHA",2021,2559.56
"GHA",2022,3075.26
"GIN",1996,8.02
"GIN",1997,4.23
"GIN",1998,5.14
"GIN",1999,3.85
"GIN",2000,3.11
"GIN",2001,14.28
"GIN",2002,10.4
"GIN",2003,5.66
"GIN",2004,10.91
"GIN",2005,6.9
"GIN",2006,16.78
"GIN",2007,14.11
"GIN",2008,12.04
"GIN",2009,11.83
"GIN",2010,11.55
"GIN",2011,10.5
"GIN",2012,11.65
"GIN",2013,10.51
"GIN",2014,20.42
"GIN",2015,27.61
"GIN",2016,38.66
"GIN",2017,36.5
"GIN",2018,27.85
"GIN",2019,34.43
"GIN",2020,40.58
"GIN",2021,48.47
"GIN",2022,47.18
"GMB",1996,37.61
"GMB",1997,32.73
"GMB",1998,33.33
"GMB",1999,34.27
"GMB",2000,27.9
"GMB",2001,35.31
"GMB",2002,25.78
"GMB",2003,31.85
"GMB",2004,36.92
"GMB",2005,37.35
"GMB",2006,44
"GMB",2007,36.46
"GMB",2008,43.22
"GMB",2009,38.47
"GMB",2010,45.39
"GMB",2011,33.81
"GMB",2012,37.11
"GMB",2013,45.65
"GMB",2014,46.24
"GMB",2015,41.96
"GMB",2016,52.33
"GMB",2017,46.96
"GMB",2018,35.71
"GMB",2019,51.16
"GMB",2020,60.99
"GMB",2021,80.5
"GMB",2022,78.46
"GNB",1996,2.29
"GNB",1997,4.42
"GNB",1998,2.4
"GNB",1999,7.48
"GNB",2000,1.48
"GNB",2001,2.23
"GNB",2002,5.09
"GNB",2003,8.01
"GNB",2004,10.64
"GNB",2005,9.39
"GNB",2006,6.74
"GNB",2007,12.14
"GNB",2008,6.29
"GNB",2009,8.29
"GNB",2010,5.8
"GNB",2011,10.38
"GNB",2012,12.8
"GNB",2013,12.09
"GNB",2014,17.74
"GNB",2015,9.68
"GNB",2016,11.07
"GNB",2017,16.62
"GNB",2018,15.58
"GNB",2019,14.05
"GNB",2020,16.91
"GNB",2021,14.11
"GNB",2022,14.77
"GNQ",1996,0.83
"GNQ",1997,1.27
"GNQ",1998,0
"GNQ",1999,2.19
"GNQ",2000,0
"GNQ",2001,1.67
"GNQ",2002,0.46
"GNQ",2003,0.82
"GNQ",2004,4.1
"GNQ",2005,0.74
"GNQ",2006,3.22
"GNQ",2007,3.23
"GNQ",2008,1.23
"GNQ",2009,1.97
"GNQ",2010,2.86
"GNQ",2011,1.71
"GNQ",2012,2.32
"GNQ",2013,2.14
"GNQ",2014,2.36
"GNQ",2015,4.05
"GNQ",2016,4.85
"GNQ",2017,2.96
"GNQ",2018,2.6
"GNQ",2019,4.07
"GNQ",2020,1.7
"GNQ",2021,4.42
"GNQ",2022,2.99
"GRC",1996,4063.96
"GRC",1997,4411.82
"GRC",1998,4572.31
"GRC",1999,4573.08
"GRC",2000,5285.59
"GRC",2001,5720.28
"GRC",2002,6408.11
"GRC",2003,6768.16
"GRC",2004,7935.37
"GRC",2005,9227.1
"GRC",2006,10644.78
"GRC",2007,11128.2
"GRC",2008,11787.68
"GRC",2009,12048.84
"GRC",2010,11935.23
"GRC",2011,11931.57
"GRC",2012,11842.68
"GRC",2013,11775.12
"GRC",2014,11537
"GRC",2015,11331.18
"GRC",2016,11175.8
"GRC",2017,11146.65
"GRC",2018,11287.46
"GRC",2019,11908.61
"GRC",2020,12756.02
"GRC",2021,14749.19
"GRC",2022,15105.34
"GRD",1996,2.19
"GRD",1997,1.8
"GRD",1998,1.75
"GRD",1999,1.2
"GRD",2000,1.04
"GRD",2001,2.79
"GRD",2002,1.92
"GRD",2003,5.4
"GRD",2004,4.18
"GRD",2005,4.69
"GRD",2006,12.48
"GRD",2007,21.24
"GRD",2008,23.41
"GRD",2009,17.53
"GRD",2010,17.49
"GRD",2011,23.02
"GRD",2012,29.85
"GRD",2013,34.5
"GRD",2014,55.26
"GRD",2015,33.62
"GRD",2016,36.97
"GRD",2017,56.14
"GRD",2018,46.65
"GRD",2019,58.19
"GRD",2020,57.66
"GRD",2021,61.74
"GRD",2022,52.76
"GRL",1996,5.27
"GRL",1997,7.88
"GRL",1998,9.75
"GRL",1999,4.68
"GRL",2000,11.91
"GRL",2001,9.11
"GRL",2002,11.86
"GRL",2003,11.81
"GRL",2004,28.53
"GRL",2005,15.56
"GRL",2006,14.22
"GRL",2007,15.91
"GRL",2008,15.94
"GRL",2009,11.79
"GRL",2010,21.35
"GRL",2011,17.55
"GRL",2012,25.44
"GRL",2013,31.57
"GRL",2014,23.84
"GRL",2015,29.22
"GRL",2016,23.8
"GRL",2017,25.88
"GRL",2018,31.51
"GRL",2019,28.41
"GRL",2020,29.34
"GRL",2021,35.19
"GRL",2022,30.55
"GTM",1996,42.21
"GTM",1997,30.84
"GTM",1998,29.89
"GTM",1999,29.73
"GTM",2000,24.13
"GTM",2001,23.84
"GTM",2002,23.92
"GTM",2003,26.71
"GTM",2004,28.55
"GTM",2005,46.75
"GTM",2006,36.47
"GTM",2007,32.06
"GTM",2008,36.23
"GTM",2009,55.78
"GTM",2010,52
"GTM",2011,44.39
"GTM",2012,67.55
"GTM",2013,72.98
"GTM",2014,63.06
"GTM",2015,85.69
"GTM",2016,91.55
"GTM",2017,105.53
"GTM",2018,106.75
"GTM",2019,95.12
"GTM",2020,123.82
"GTM",2021,124.03
"GTM",2022,121.38
"GUY",1996,3.95
"GUY",1997,11.68
"GUY",1998,5.18
"GUY",1999,8.78
"GUY",2000,10.27
"GUY",2001,8.31
"GUY",2002,7.86
"GUY",2003,7.29
"GUY",2004,11.3
"GUY",2005,20.19
"GUY",2006,9.64
"GUY",2007,12.11
"GUY",2008,10.07
"GUY",2009,10.23
"GUY",2010,20.13
"GUY",2011,10.65
"GUY",2012,13.39
"GUY",2013,13.74
"GUY",2014,12.11
"GUY",2015,9.85
"GUY",2016,13.58
"GUY",2017,17.45
"GUY",2018,14.89
"GUY",2019,17.09
"GUY",2020,25.06
"GUY",2021,29.95
"GUY",2022,28.87
"HND",1996,9.21
"HND",1997,13.97
"HND",1998,11.6
"HND",1999,19.06
"HND",2000,12.87
"HND",2001,7.7
"HND",2002,10.26
"HND",2003,10.25
"HND",2004,13.44
"HND",2005,13.95
"HND",2006,11.3
"HND",2007,12.07
"HND",2008,17.67
"HND",2009,16.52
"HND",2010,21.96
"HND",2011,19.1
"HND",2012,26.42
"HND",2013,19.55
"HND",2014,25.36
"HND",2015,30.92
"HND",2016,32.64
"HND",2017,45.54
"HND",2018,46.74
"HND",2019,78.07
"HND",2020,114.94
"HND",2021,112.68
"HND",2022,159.18
"HRV",1996,1469.22
"HRV",1997,1403.3
"HRV",1998,1495.5
"HRV",1999,1547.68
"HRV",2000,1828.44
"HRV",2001,1878.8
"HRV",2002,2124.29
"HRV",2003,2375.59
"HRV",2004,2511.21
"HRV",2005,3024.3
"HRV",2006,3016.93
"HRV",2007,3505.63
"HRV",2008,3738.88
"HRV",2009,4128.56
"HRV",2010,3971.29
"HRV",2011,4522.9
"HRV",2012,4442.57
"HRV",2013,4241.78
"HRV",2014,4062.94
"HRV",2015,4115.56
"HRV",2016,4068.08
"HRV",2017,4433.35
"HRV",2018,4721.48
"HRV",2019,4751.25
"HRV",2020,5066.8
"HRV",2021,5782.73
"HRV",2022,5711.14
"HTI",1996,2.01
"HTI",1997,3.53
"HTI",1998,5.93
"HTI",1999,0.81
"HTI",2000,5.46
"HTI",2001,4.69
"HTI",2002,6.03
"HTI",2003,4.93
"HTI",2004,6.32
"HTI",2005,8.17
"HTI",2006,14.05
"HTI",2007,10.52
"HTI",2008,7.02
"HTI",2009,11.67
"HTI",2010,14.55
"HTI",2011,18.13
"HTI",2012,16.87
"HTI",2013,29.38
"HTI",2014,36.71
"HTI",2015,33.84
"HTI",2016,32.5
"HTI",2017,42.22
"HTI",2018,31.58
"HTI",2019,35.07
"HTI",2020,41.75
"HTI",2021,40.18
"HTI",2022,37.56
"HUN",1996,3514.48
"HUN",1997,3905.61
"HUN",1998,4342.56
"HUN",1999,3982.13
"HUN",2000,4411.53
"HUN",2001,4347.95
"HUN",2002,4628.75
"HUN",2003,4652.86
"HUN",2004,4884.44
"HUN",2005,5598.55
"HUN",2006,5608.48
"HUN",2007,5890.22
"HUN",2008,6481.82
"HUN",2009,6045.91
"HUN",2010,5954.49
"HUN",2011,6441.42
"HUN",2012,6506.75
"HUN",2013,6306.37
"HUN",2014,6670.04
"HUN",2015,6586.04
"HUN",2016,6531.06
"HUN",2017,6766.09
"HUN",2018,6875.82
"HUN",2019,7377.59
"HUN",2020,7762.07
"HUN",2021,8387.03
"HUN",2022,8801.72
"IDN",1996,304.04
"IDN",1997,317.04
"IDN",1998,327.98
"IDN",1999,335.51
"IDN",2000,398.08
"IDN",2001,330.1
"IDN",2002,386
"IDN",2003,386.76
"IDN",2004,472.22
"IDN",2005,604.42
"IDN",2006,729.9
"IDN",2007,658.13
"IDN",2008,771.94
"IDN",2009,1094.5
"IDN",2010,1446.09
"IDN",2011,1942.53
"IDN",2012,2111.14
"IDN",2013,2815.34
"IDN",2014,3354.32
"IDN",2015,4474.1
"IDN",2016,6753.72
"IDN",2017,13002.06
"IDN",2018,21795.18
"IDN",2019,31005.34
"IDN",2020,32895.71
"IDN",2021,39566.05
"IDN",2022,31947.1
"IND",1996,18904.78
"IND",1997,19348.5
"IND",1998,19717.89
"IND",1999,20837.67
"IND",2000,21408.98
"IND",2001,22532.95
"IND",2002,24313.44
"IND",2003,26637.84
"IND",2004,28557.33
"IND",2005,32733.84
"IND",2006,37739.98
"IND",2007,42045.44
"IND",2008,47758.02
"IND",2009,53200.44
"IND",2010,60265.62
"IND",2011,71374.74
"IND",2012,78135.08
"IND",2013,82849.43
"IND",2014,91832.04
"IND",2015,98300.94
"IND",2016,107483.91
"IND",2017,113508.58
"IND",2018,130234.95
"IND",2019,132819.62
"IND",2020,148409.55
"IND",2021,179806.22
"IND",2022,207390.38
"IRL",1996,2121.52
"IRL",1997,2188.73
"IRL",1998,2314.16
"IRL",1999,2289.87
"IRL",2000,2607.75
"IRL",2001,2776.33
"IRL",2002,3039.39
"IRL",2003,3156.78
"IRL",2004,3851.1
"IRL",2005,4770.06
"IRL",2006,4914.54
"IRL",2007,5507.74
"IRL",2008,5737.71
"IRL",2009,6354.6
"IRL",2010,6940.92
"IRL",2011,7200.18
"IRL",2012,7018.56
"IRL",2013,7077.4
"IRL",2014,7186.57
"IRL",2015,6896.82
"IRL",2016,7148.95
"IRL",2017,7288.93
"IRL",2018,7457.08
"IRL",2019,7999.14
"IRL",2020,8513.7
"IRL",2021,9437
"IRL",2022,9254.27
"IRN",1996,649.35
"IRN",1997,860.98
"IRN",1998,969.12
"IRN",1999,1181.4
"IRN",2000,1559.17
"IRN",2001,1910.45
"IRN",2002,2753.06
"IRN",2003,3906.51
"IRN",2004,5176.16
"IRN",2005,7142.47
"IRN",2006,10011.67
"IRN",2007,12987.19
"IRN",2008,16845.65
"IRN",2009,20425.58
"IRN",2010,24792.45
"IRN",2011,31161.44
"IRN",2012,31462.35
"IRN",2013,32380.6
"IRN",2014,35447.71
"IRN",2015,36885.35
"IRN",2016,41932.91
"IRN",2017,45826.76
"IRN",2018,48707.42
"IRN",2019,54505.54
"IRN",2020,56966
"IRN",2021,59374.36
"IRN",2022,60939.82
"IRQ",1996,72.92
"IRQ",1997,79.67
"IRQ",1998,67.98
"IRQ",1999,60.65
"IRQ",2000,91.98
"IRQ",2001,89.11
"IRQ",2002,103.31
"IRQ",2003,120.69
"IRQ",2004,92.74
"IRQ",2005,141.51
"IRQ",2006,249.48
"IRQ",2007,243.08
"IRQ",2008,306.62
"IRQ",2009,363.38
"IRQ",2010,536.05
"IRQ",2011,597.39
"IRQ",2012,842.4
"IRQ",2013,805.37
"IRQ",2014,806.21
"IRQ",2015,839.57
"IRQ",2016,1193.62
"IRQ",2017,1971.46
"IRQ",2018,3475.9
"IRQ",2019,6385.65
"IRQ",2020,7521.02
"IRQ",2021,11401.67
"IRQ",2022,13407.6
"ISL",1996,205.42
"ISL",1997,224.04
"ISL",1998,234.29
"ISL",1999,228.5
"ISL",2000,220.1
"ISL",2001,239.09
"ISL",2002,306.4
"ISL",2003,262.25
"ISL",2004,307.44
"ISL",2005,363.08
"ISL",2006,386.39
"ISL",2007,382.37
"ISL",2008,423.6
"ISL",2009,480.44
"ISL",2010,568.75
"ISL",2011,548.23
"ISL",2012,645.19
"ISL",2013,589.16
"ISL",2014,597.31
"ISL",2015,615.26
"ISL",2016,674.43
"ISL",2017,641.27
"ISL",2018,720.82
"ISL",2019,680.46
"ISL",2020,686.83
"ISL",2021,751.67
"ISL",2022,765.6
"ISR",1996,8390.48
"ISR",1997,8740.54
"ISR",1998,8511.28
"ISR",1999,8493.43
"ISR",2000,9345.74
"ISR",2001,9369.95
"ISR",2002,9681.29
"ISR",2003,9934.33
"ISR",2004,10463.49
"ISR",2005,10573.52
"ISR",2006,11226.15
"ISR",2007,11256.78
"ISR",2008,11395.53
"ISR",2009,11233.23
"ISR",2010,10959.72
"ISR",2011,11268.18
"ISR",2012,11614.79
"ISR",2013,11390.71
"ISR",2014,12086.64
"ISR",2015,12249.84
"ISR",2016,12479.66
"ISR",2017,12507.34
"ISR",2018,12752.3
"ISR",2019,13267.72
"ISR",2020,13675.43
"ISR",2021,15132.89
"ISR",2022,15417.46
"ITA",1996,34243.84
"ITA",1997,35158.03
"ITA",1998,34127.6
"ITA",1999,34282.2
"ITA",2000,36209.65
"ITA",2001,37419.9
"ITA",2002,39094.52
"ITA",2003,42549.05
"ITA",2004,44567.15
"ITA",2005,48093.98
"ITA",2006,51002.2
"ITA",2007,54347.87
"ITA",2008,56415.8
"ITA",2009,58491.98
"ITA",2010,58776.67
"ITA",2011,60521.84
"ITA",2012,64130.5
"ITA",2013,67380.42
"ITA",2014,69089.63
"ITA",2015,70947.03
"ITA",2016,70793.77
"ITA",2017,72117.06
"ITA",2018,73693.73
"ITA",2019,78131.55
"ITA",2020,86301.61
"ITA",2021,92877.32
"ITA",2022,90585.64
"JAM",1996,125.32
"JAM",1997,107.26
"JAM",1998,95.74
"JAM",1999,113.34
"JAM",2000,107.05
"JAM",2001,151.66
"JAM",2002,147.92
"JAM",2003,141.52
"JAM",2004,168.78
"JAM",2005,145.14
"JAM",2006,144.2
"JAM",2007,174.49
"JAM",2008,221.42
"JAM",2009,206.93
"JAM",2010,173.98
"JAM",2011,199.55
"JAM",2012,206.96
"JAM",2013,201.42
"JAM",2014,208.67
"JAM",2015,155.26
"JAM",2016,162.19
"JAM",2017,168.53
"JAM",2018,197.8
"JAM",2019,152.88
"JAM",2020,172.21
"JAM",2021,212.21
"JAM",2022,168.07
"JOR",1996,348.08
"JOR",1997,403.39
"JOR",1998,457.61
"JOR",1999,476.6
"JOR",2000,536.58
"JOR",2001,539.78
"JOR",2002,589.94
"JOR",2003,657.18
"JOR",2004,742.46
"JOR",2005,788.65
"JOR",2006,916.62
"JOR",2007,1037.22
"JOR",2008,1240.07
"JOR",2009,1282.14
"JOR",2010,1435.45
"JOR",2011,1416.08
"JOR",2012,1380.32
"JOR",2013,1403.65
"JOR",2014,1368.51
"JOR",2015,1421.99
"JOR",2016,1672.05
"JOR",2017,1994.89
"JOR",2018,2472.02
"JOR",2019,3009.79
"JOR",2020,3373.47
"JOR",2021,4068.98
"JOR",2022,5249.35
"JPN",1996,88807.36
"JPN",1997,91890.26
"JPN",1998,92245.79
"JPN",1999,94194.57
"JPN",2000,96607.21
"JPN",2001,96102.98
"JPN",2002,98144.51
"JPN",2003,101381.97
"JPN",2004,103829.66
"JPN",2005,112257.28
"JPN",2006,113533.15
"JPN",2007,109140.33
"JPN",2008,107614.13
"JPN",2009,109026.54
"JPN",2010,108732.89
"JPN",2011,110457.48
"JPN",2012,109040.04
"JPN",2013,108551.11
"JPN",2014,105286.6
"JPN",2015,102018.5
"JPN",2016,102449.32
"JPN",2017,102425.45
"JPN",2018,103957.43
"JPN",2019,104005.62
"JPN",2020,102788.11
"JPN",2021,109074.89
"JPN",2022,103722.96
"KAZ",1996,229.71
"KAZ",1997,166.55
"KAZ",1998,211.91
"KAZ",1999,163.63
"KAZ",2000,192.97
"KAZ",2001,204.41
"KAZ",2002,230.31
"KAZ",2003,254.88
"KAZ",2004,241.46
"KAZ",2005,250.5
"KAZ",2006,230.76
"KAZ",2007,228.35
"KAZ",2008,239.01
"KAZ",2009,272.7
"KAZ",2010,321.99
"KAZ",2011,381.98
"KAZ",2012,447.55
"KAZ",2013,621.51
"KAZ",2014,906.72
"KAZ",2015,1110.37
"KAZ",2016,1470.61
"KAZ",2017,1690.02
"KAZ",2018,1973.65
"KAZ",2019,2413.12
"KAZ",2020,2907
"KAZ",2021,3294.93
"KAZ",2022,3550.75
"KEN",1996,392.39
"KEN",1997,409.19
"KEN",1998,360.51
"KEN",1999,362.13
"KEN",2000,360.08
"KEN",2001,404.9
"KEN",2002,441.14
"KEN",2003,424.62
"KEN",2004,450.54
"KEN",2005,460.56
"KEN",2006,483.57
"KEN",2007,545.79
"KEN",2008,591.12
"KEN",2009,702.74
"KEN",2010,750.61
"KEN",2011,830.81
"KEN",2012,791.58
"KEN",2013,853.74
"KEN",2014,935.73
"KEN",2015,1001.89
"KEN",2016,1100.23
"KEN",2017,1191.38
"KEN",2018,1334.77
"KEN",2019,1463.07
"KEN",2020,1786.27
"KEN",2021,1976.72
"KEN",2022,2007.14
"KGZ",1996,26.37
"KGZ",1997,25.89
"KGZ",1998,31.64
"KGZ",1999,30.98
"KGZ",2000,28.88
"KGZ",2001,30.72
"KGZ",2002,29.46
"KGZ",2003,21.7
"KGZ",2004,34.11
"KGZ",2005,44.83
"KGZ",2006,52.87
"KGZ",2007,38.24
"KGZ",2008,51.57
"KGZ",2009,34.73
"KGZ",2010,34.82
"KGZ",2011,49.58
"KGZ",2012,51.95
"KGZ",2013,56.04
"KGZ",2014,50.81
"KGZ",2015,48.24
"KGZ",2016,106.29
"KGZ",2017,115.48
"KGZ",2018,135.02
"KGZ",2019,186.15
"KGZ",2020,209.59
"KGZ",2021,252.43
"KGZ",2022,236.83
"KHM",1996,4.94
"KHM",1997,6.79
"KHM",1998,8.79
"KHM",1999,10.18
"KHM",2000,12.15
"KHM",2001,13.24
"KHM",2002,24.24
"KHM",2003,23.91
"KHM",2004,36.55
"KHM",2005,35.52
"KHM",2006,44.33
"KHM",2007,51.81
"KHM",2008,51.44
"KHM",2009,65.22
"KHM",2010,55.85
"KHM",2011,71.36
"KHM",2012,77.26
"KHM",2013,85.39
"KHM",2014,93.44
"KHM",2015,111.49
"KHM",2016,125.21
"KHM",2017,125.22
"KHM",2018,147.68
"KHM",2019,145.71
"KHM",2020,163.05
"KHM",2021,171.26
"KHM",2022,203.2
"KIR",1996,0.17
"KIR",1997,0.33
"KIR",1998,0
"KIR",1999,0
"KIR",2000,0
"KIR",2001,0.5
"KIR",2002,0
"KIR",2003,0.11
"KIR",2004,0
"KIR",2005,0
"KIR",2006,0.36
"KIR",2007,2.12
"KIR",2008,0
"KIR",2009,0.33
"KIR",2010,0.33
"KIR",2011,0
"KIR",2012,1
"KIR",2013,1.05
"KIR",2014,1.94
"KIR",2015,1.48
"KIR",2016,2.17
"KIR",2017,2.54
"KIR",2018,0.62
"KIR",2019,3.97
"KIR",2020,3.71
"KIR",2021,2.36
"KIR",2022,2.03
"KNA",1996,0.25
"KNA",1997,1.33
"KNA",1998,1.46
"KNA",1999,3.24
"KNA",2000,1.5
"KNA",2001,1
"KNA",2002,0.34
"KNA",2003,0
"KNA",2004,0.73
"KNA",2005,1.96
"KNA",2006,1.94
"KNA",2007,1.17
"KNA",2008,4.16
"KNA",2009,2.82
"KNA",2010,4.41
"KNA",2011,4.63
"KNA",2012,8.85
"KNA",2013,12.97
"KNA",2014,15.2
"KNA",2015,19.3
"KNA",2016,21.51
"KNA",2017,28.53
"KNA",2018,27.26
"KNA",2019,33.46
"KNA",2020,35.74
"KNA",2021,34.45
"KNA",2022,38.87
"KOR",1996,8866.52
"KOR",1997,11237.92
"KOR",1998,12158.34
"KOR",1999,14682.76
"KOR",2000,15875.05
"KOR",2001,18435.81
"KOR",2002,20023.41
"KOR",2003,23879.88
"KOR",2004,27741.08
"KOR",2005,32097.53
"KOR",2006,37247.49
"KOR",2007,41317.08
"KOR",2008,43923.63
"KOR",2009,45957.42
"KOR",2010,50338.95
"KOR",2011,53624.1
"KOR",2012,56100.89
"KOR",2013,57320.12
"KOR",2014,60152.58
"KOR",2015,62722.77
"KOR",2016,62915.13
"KOR",2017,64096.89
"KOR",2018,66892.64
"KOR",2019,70701.85
"KOR",2020,73255.78
"KOR",2021,77566.47
"KOR",2022,76935.71
"KWT",1996,475.08
"KWT",1997,489.87
"KWT",1998,544.42
"KWT",1999,562.61
"KWT",2000,505.73
"KWT",2001,526.06
"KWT",2002,512.71
"KWT",2003,535.29
"KWT",2004,569.37
"KWT",2005,626.7
"KWT",2006,656.42
"KWT",2007,727.61
"KWT",2008,765.34
"KWT",2009,801.72
"KWT",2010,744.62
"KWT",2011,795.37
"KWT",2012,823.4
"KWT",2013,871.03
"KWT",2014,784.11
"KWT",2015,864.37
"KWT",2016,816.43
"KWT",2017,850.76
"KWT",2018,1001.08
"KWT",2019,1162.19
"KWT",2020,1134.46
"KWT",2021,1255.18
"KWT",2022,1334.56
"LAO",1996,4.43
"LAO",1997,4.06
"LAO",1998,8.15
"LAO",1999,6.17
"LAO",2000,8.57
"LAO",2001,7.01
"LAO",2002,12.29
"LAO",2003,17.72
"LAO",2004,37.96
"LAO",2005,24.14
"LAO",2006,41.42
"LAO",2007,28.22
"LAO",2008,34.68
"LAO",2009,41.96
"LAO",2010,43.5
"LAO",2011,49.51
"LAO",2012,62.81
"LAO",2013,72.11
"LAO",2014,56.61
"LAO",2015,70.96
"LAO",2016,89
"LAO",2017,78.82
"LAO",2018,89.81
"LAO",2019,94.68
"LAO",2020,90.23
"LAO",2021,87.11
"LAO",2022,83.93
"LBN",1996,222.34
"LBN",1997,258
"LBN",1998,276.74
"LBN",1999,310.32
"LBN",2000,414.71
"LBN",2001,435.09
"LBN",2002,395.95
"LBN",2003,471.77
"LBN",2004,499.4
"LBN",2005,577.01
"LBN",2006,648.85
"LBN",2007,661.79
"LBN",2008,740.45
"LBN",2009,788.92
"LBN",2010,799.05
"LBN",2011,882.47
"LBN",2012,1023.86
"LBN",2013,1099.86
"LBN",2014,1219.11
"LBN",2015,1301.39
"LBN",2016,1472.02
"LBN",2017,1561.41
"LBN",2018,1907.25
"LBN",2019,2096.33
"LBN",2020,2236.68
"LBN",2021,2207.34
"LBN",2022,2091.17
"LBR",1996,1.14
"LBR",1997,0
"LBR",1998,0.63
"LBR",1999,0
"LBR",2000,1
"LBR",2001,0
"LBR",2002,0.69
"LBR",2003,1
"LBR",2004,1.42
"LBR",2005,1.08
"LBR",2006,3.55
"LBR",2007,4.15
"LBR",2008,2.14
"LBR",2009,2.33
"LBR",2010,4.36
"LBR",2011,9.22
"LBR",2012,7.47
"LBR",2013,3.46
"LBR",2014,9.45
"LBR",2015,10.71
"LBR",2016,17.19
"LBR",2017,21.09
"LBR",2018,25.33
"LBR",2019,21.98
"LBR",2020,10.6
"LBR",2021,26.16
"LBR",2022,25.91
"LBY",1996,36.86
"LBY",1997,41.98
"LBY",1998,54.13
"LBY",1999,39.42
"LBY",2000,61.41
"LBY",2001,45.89
"LBY",2002,41.14
"LBY",2003,52.05
"LBY",2004,65.62
"LBY",2005,77.46
"LBY",2006,92.37
"LBY",2007,117.74
"LBY",2008,135.11
"LBY",2009,238.83
"LBY",2010,296.69
"LBY",2011,125.53
"LBY",2012,152.3
"LBY",2013,203.74
"LBY",2014,194.48
"LBY",2015,175.79
"LBY",2016,140.44
"LBY",2017,162.62
"LBY",2018,167.84
"LBY",2019,186.16
"LBY",2020,245.96
"LBY",2021,456.28
"LBY",2022,407.95
"LCA",1996,2.53
"LCA",1997,0.96
"LCA",1998,2.39
"LCA",1999,0.25
"LCA",2000,2
"LCA",2001,2.63
"LCA",2002,2.17
"LCA",2003,0.09
"LCA",2004,1.33
"LCA",2005,2.35
"LCA",2006,2.35
"LCA",2007,2.38
"LCA",2008,2.67
"LCA",2009,2
"LCA",2010,2.78
"LCA",2011,4.99
"LCA",2012,0.75
"LCA",2013,3.7
"LCA",2014,0.16
"LCA",2015,3.11
"LCA",2016,4.9
"LCA",2017,2.42
"LCA",2018,4.09
"LCA",2019,4.07
"LCA",2020,3.06
"LCA",2021,4.93
"LCA",2022,4.69
"LIE",1996,12.08
"LIE",1997,17.51
"LIE",1998,4.5
"LIE",1999,18.12
"LIE",2000,15.87
"LIE",2001,8.22
"LIE",2002,7.65
"LIE",2003,16.02
"LIE",2004,20.79
"LIE",2005,34.57
"LIE",2006,35.42
"LIE",2007,25.08
"LIE",2008,39.95
"LIE",2009,23.71
"LIE",2010,37.86
"LIE",2011,38.97
"LIE",2012,30.76
"LIE",2013,31.48
"LIE",2014,40.29
"LIE",2015,32.83
"LIE",2016,45.34
"LIE",2017,36.1
"LIE",2018,30.99
"LIE",2019,31.85
"LIE",2020,40.39
"LIE",2021,40.21
"LIE",2022,40.79
"LKA",1996,167.89
"LKA",1997,212.17
"LKA",1998,199.01
"LKA",1999,208.12
"LKA",2000,209.36
"LKA",2001,215.68
"LKA",2002,245.5
"LKA",2003,264.86
"LKA",2004,265.29
"LKA",2005,335.67
"LKA",2006,388.76
"LKA",2007,437.51
"LKA",2008,512.94
"LKA",2009,486.54
"LKA",2010,504.44
"LKA",2011,570.82
"LKA",2012,608.18
"LKA",2013,732.88
"LKA",2014,705.68
"LKA",2015,753.68
"LKA",2016,1124.15
"LKA",2017,1189.29
"LKA",2018,1458.51
"LKA",2019,1707.05
"LKA",2020,1795.73
"LKA",2021,2392.5
"LKA",2022,2482.89
"LSO",1996,9.5
"LSO",1997,9.75
"LSO",1998,2.25
"LSO",1999,8.39
"LSO",2000,8.17
"LSO",2001,12.25
"LSO",2002,12.58
"LSO",2003,6.43
"LSO",2004,5.38
"LSO",2005,7.03
"LSO",2006,11.92
"LSO",2007,9.75
"LSO",2008,11.92
"LSO",2009,11.45
"LSO",2010,12.18
"LSO",2011,14.64
"LSO",2012,21.26
"LSO",2013,15.19
"LSO",2014,11.63
"LSO",2015,16.51
"LSO",2016,21.59
"LSO",2017,24.87
"LSO",2018,21.11
"LSO",2019,37.74
"LSO",2020,34.31
"LSO",2021,43.94
"LSO",2022,47.96
"LTU",1996,426.08
"LTU",1997,471.62
"LTU",1998,537.7
"LTU",1999,574.27
"LTU",2000,598.97
"LTU",2001,638.61
"LTU",2002,998.87
"LTU",2003,969.21
"LTU",2004,1271.25
"LTU",2005,1523.8
"LTU",2006,1771.04
"LTU",2007,1701.79
"LTU",2008,2532.98
"LTU",2009,2297.94
"LTU",2010,2338.86
"LTU",2011,2443.84
"LTU",2012,2247.28
"LTU",2013,2240.39
"LTU",2014,2444.28
"LTU",2015,2474.04
"LTU",2016,2335.81
"LTU",2017,2400.43
"LTU",2018,2353.94
"LTU",2019,2594.62
"LTU",2020,2888.91
"LTU",2021,3102.55
"LTU",2022,3132.62
"LUX",1996,46.91
"LUX",1997,50.48
"LUX",1998,56.21
"LUX",1999,53.72
"LUX",2000,65.28
"LUX",2001,67.06
"LUX",2002,83.08
"LUX",2003,88.93
"LUX",2004,156.39
"LUX",2005,165.29
"LUX",2006,204.56
"LUX",2007,220.51
"LUX",2008,323.29
"LUX",2009,395.45
"LUX",2010,452.89
"LUX",2011,587.83
"LUX",2012,593.83
"LUX",2013,765.94
"LUX",2014,876.26
"LUX",2015,816.06
"LUX",2016,874.4
"LUX",2017,831.12
"LUX",2018,911.61
"LUX",2019,955.34
"LUX",2020,980.18
"LUX",2021,1075.91
"LUX",2022,1170.6
"LVA",1996,339.74
"LVA",1997,411.93
"LVA",1998,328.14
"LVA",1999,332.08
"LVA",2000,292.69
"LVA",2001,355.23
"LVA",2002,371.27
"LVA",2003,292.97
"LVA",2004,301.42
"LVA",2005,455.19
"LVA",2006,396.55
"LVA",2007,501.77
"LVA",2008,651.28
"LVA",2009,713.04
"LVA",2010,810.5
"LVA",2011,1270.69
"LVA",2012,1147.24
"LVA",2013,1192.04
"LVA",2014,1163.27
"LVA",2015,1398.7
"LVA",2016,1347.95
"LVA",2017,1557.08
"LVA",2018,1448.69
"LVA",2019,1603.35
"LVA",2020,1549.52
"LVA",2021,1903.51
"LVA",2022,1690.44
"MAR",1996,505.62
"MAR",1997,607.37
"MAR",1998,678.9
"MAR",1999,812.79
"MAR",2000,870.34
"MAR",2001,968.97
"MAR",2002,950.81
"MAR",2003,929.48
"MAR",2004,968.55
"MAR",2005,922.82
"MAR",2006,978.47
"MAR",2007,1024.79
"MAR",2008,1207.63
"MAR",2009,1456.62
"MAR",2010,1594.9
"MAR",2011,1887.25
"MAR",2012,2118.55
"MAR",2013,2160.84
"MAR",2014,2484.83
"MAR",2015,2485.77
"MAR",2016,3652.98
"MAR",2017,4017.29
"MAR",2018,4792.31
"MAR",2019,5511.7
"MAR",2020,6360.45
"MAR",2021,7388.64
"MAR",2022,8445.14
"MCO",1996,19.7
"MCO",1997,24.52
"MCO",1998,27.79
"MCO",1999,20.94
"MCO",2000,13.79
"MCO",2001,25.93
"MCO",2002,23.94
"MCO",2003,26.67
"MCO",2004,40.1
"MCO",2005,37.54
"MCO",2006,34.08
"MCO",2007,32.12
"MCO",2008,34.39
"MCO",2009,44.84
"MCO",2010,43.25
"MCO",2011,48.33
"MCO",2012,30.41
"MCO",2013,37.72
"MCO",2014,39.62
"MCO",2015,43
"MCO",2016,42.91
"MCO",2017,50.85
"MCO",2018,46.8
"MCO",2019,47.7
"MCO",2020,50.06
"MCO",2021,57.44
"MCO",2022,57.07
"MDA",1996,212.33
"MDA",1997,168.8
"MDA",1998,161.36
"MDA",1999,155.44
"MDA",2000,191.46
"MDA",2001,152.9
"MDA",2002,154.36
"MDA",2003,159.94
"MDA",2004,133.25
"MDA",2005,206.59
"MDA",2006,147.08
"MDA",2007,143.57
"MDA",2008,163.87
"MDA",2009,181.42
"MDA",2010,173.69
"MDA",2011,188.17
"MDA",2012,203.1
"MDA",2013,212.96
"MDA",2014,206.09
"MDA",2015,190.6
"MDA",2016,292.07
"MDA",2017,239.49
"MDA",2018,211.47
"MDA",2019,274.4
"MDA",2020,298.55
"MDA",2021,287.95
"MDA",2022,283.96
"MDG",1996,51.93
"MDG",1997,34.39
"MDG",1998,37.06
"MDG",1999,58.99
"MDG",2000,60.66
"MDG",2001,61.8
"MDG",2002,41.2
"MDG",2003,65.45
"MDG",2004,49.41
"MDG",2005,57.31
"MDG",2006,61.29
"MDG",2007,109.04
"MDG",2008,82.64
"MDG",2009,85.76
"MDG",2010,80.16
"MDG",2011,96.42
"MDG",2012,94.11
"MDG",2013,112.7
"MDG",2014,113.92
"MDG",2015,106.35
"MDG",2016,100.7
"MDG",2017,133.24
"MDG",2018,124.8
"MDG",2019,122.45
"MDG",2020,175.76
"MDG",2021,174.2
"MDG",2022,156.66
"MDV",1996,7.08
"MDV",1997,1
"MDV",1998,2.14
"MDV",1999,2
"MDV",2000,0.5
"MDV",2001,5.08
"MDV",2002,1
"MDV",2003,2.42
"MDV",2004,1.67
"MDV",2005,3.71
"MDV",2006,4.63
"MDV",2007,4.83
"MDV",2008,0.92
"MDV",2009,3.95
"MDV",2010,3.26
"MDV",2011,7.4
"MDV",2012,8.08
"MDV",2013,7.04
"MDV",2014,5.87
"MDV",2015,7.08
"MDV",2016,6.8
"MDV",2017,7.06
"MDV",2018,7.15
"MDV",2019,10.97
"MDV",2020,24.84
"MDV",2021,25.26
"MDV",2022,35.87
"MEX",1996,3945.12
"MEX",1997,4350.81
"MEX",1998,4656.51
"MEX",1999,4873.62
"MEX",2000,5026.99
"MEX",2001,5434.53
"MEX",2002,5962.27
"MEX",2003,6705.18
"MEX",2004,7301.35
"MEX",2005,8304.1
"MEX",2006,9437.14
"MEX",2007,9586.6
"MEX",2008,10353.88
"MEX",2009,10632.1
"MEX",2010,11244.42
"MEX",2011,11751.8
"MEX",2012,12602.76
"MEX",2013,13186.8
"MEX",2014,14167.62
"MEX",2015,14570.29
"MEX",2016,15194.65
"MEX",2017,16177.94
"MEX",2018,17182.13
"MEX",2019,18991.67
"MEX",2020,20363.28
"MEX",2021,21753.88
"MEX",2022,21027.1
"MHL",1996,0.75
"MHL",1997,2.46
"MHL",1998,0.7
"MHL",1999,1
"MHL",2000,2.13
"MHL",2001,2.08
"MHL",2002,1
"MHL",2003,3.83
"MHL",2004,0.83
"MHL",2005,4.83
"MHL",2006,3.78
"MHL",2007,1.54
"MHL",2008,0.56
"MHL",2009,1.72
"MHL",2010,3
"MHL",2011,1.48
"MHL",2012,1.49
"MHL",2013,1.33
"MHL",2014,1.19
"MHL",2015,3.59
"MHL",2016,1.39
"MHL",2017,0.72
"MHL",2018,2.51
"MHL",2019,3.02
"MHL",2020,1.86
"MHL",2021,2.97
"MHL",2022,2.24
"MKD",1996,80.17
"MKD",1997,118.79
"MKD",1998,93.16
"MKD",1999,93.02
"MKD",2000,124.53
"MKD",2001,141.39
"MKD",2002,127.16
"MKD",2003,132.74
"MKD",2004,137.14
"MKD",2005,174.76
"MKD",2006,196.89
"MKD",2007,259.48
"MKD",2008,294.38
"MKD",2009,324.34
"MKD",2010,355.48
"MKD",2011,462.76
"MKD",2012,477.66
"MKD",2013,467.06
"MKD",2014,493.09
"MKD",2015,480.78
"MKD",2016,441.03
"MKD",2017,467.11
"MKD",2018,448.02
"MKD",2019,467.73
"MKD",2020,444.11
"MKD",2021,440.8
"MKD",2022,532.17
"MLI",1996,31.72
"MLI",1997,21.45
"MLI",1998,40.47
"MLI",1999,22.48
"MLI",2000,16.01
"MLI",2001,28.39
"MLI",2002,32.91
"MLI",2003,35.36
"MLI",2004,34.55
"MLI",2005,40.93
"MLI",2006,65.61
"MLI",2007,67.75
"MLI",2008,65.19
"MLI",2009,68.91
"MLI",2010,73.83
"MLI",2011,86.07
"MLI",2012,84.82
"MLI",2013,61.61
"MLI",2014,70.27
"MLI",2015,66.05
"MLI",2016,77.24
"MLI",2017,98.94
"MLI",2018,87.24
"MLI",2019,91.85
"MLI",2020,99.3
"MLI",2021,112.89
"MLI",2022,118.09
"MLT",1996,40.61
"MLT",1997,50.58
"MLT",1998,53.68
"MLT",1999,57.01
"MLT",2000,45.34
"MLT",2001,55.48
"MLT",2002,56.47
"MLT",2003,82.7
"MLT",2004,60.88
"MLT",2005,81.15
"MLT",2006,92.55
"MLT",2007,107.77
"MLT",2008,179.3
"MLT",2009,168.7
"MLT",2010,194.46
"MLT",2011,197.48
"MLT",2012,248.87
"MLT",2013,292.87
"MLT",2014,289.77
"MLT",2015,330.89
"MLT",2016,359.9
"MLT",2017,422.04
"MLT",2018,445.9
"MLT",2019,426.22
"MLT",2020,506.7
"MLT",2021,528.43
"MLT",2022,593.57
"MMR",1996,5.7
"MMR",1997,12.44
"MMR",1998,11.41
"MMR",1999,12.98
"MMR",2000,14.82
"MMR",2001,11.31
"MMR",2002,11.62
"MMR",2003,12.02
"MMR",2004,16.84
"MMR",2005,50.8
"MMR",2006,29.36
"MMR",2007,37.23
"MMR",2008,60.76
"MMR",2009,87.8
"MMR",2010,50.98
"MMR",2011,96.42
"MMR",2012,38.6
"MMR",2013,34.32
"MMR",2014,45.94
"MMR",2015,73.41
"MMR",2016,86.18
"MMR",2017,149.82
"MMR",2018,233.92
"MMR",2019,289.25
"MMR",2020,429.75
"MMR",2021,273.83
"MMR",2022,163.39
"MNE",1996,0
"MNE",1997,0
"MNE",1998,0
"MNE",1999,0
"MNE",2000,0
"MNE",2001,0
"MNE",2002,0
"MNE",2003,0
"MNE",2004,0
"MNE",2005,0
"MNE",2006,0
"MNE",2007,64.85
"MNE",2008,67.19
"MNE",2009,73.23
"MNE",2010,110.51
"MNE",2011,138.33
"MNE",2012,159.13
"MNE",2013,190.08
"MNE",2014,199.17
"MNE",2015,224.21
"MNE",2016,241.08
"MNE",2017,284.32
"MNE",2018,256.39
"MNE",2019,281.21
"MNE",2020,317.08
"MNE",2021,313.93
"MNE",2022,294.93
"MNG",1996,20.58
"MNG",1997,17.64
"MNG",1998,22.14
"MNG",1999,21.37
"MNG",2000,26.82
"MNG",2001,26.94
"MNG",2002,27.45
"MNG",2003,38.34
"MNG",2004,35.14
"MNG",2005,39.99
"MNG",2006,53.23
"MNG",2007,112.66
"MNG",2008,95.92
"MNG",2009,100.08
"MNG",2010,89.87
"MNG",2011,101.83
"MNG",2012,127.91
"MNG",2013,162.96
"MNG",2014,115.38
"MNG",2015,101.76
"MNG",2016,117.4
"MNG",2017,150.84
"MNG",2018,152.35
"MNG",2019,193.54
"MNG",2020,214.2
"MNG",2021,283.96
"MNG",2022,262.05
"MOZ",1996,13.02
"MOZ",1997,20.66
"MOZ",1998,26.12
"MOZ",1999,21.68
"MOZ",2000,22.54
"MOZ",2001,32.12
"MOZ",2002,23.8
"MOZ",2003,26.25
"MOZ",2004,32.25
"MOZ",2005,38.87
"MOZ",2006,44.56
"MOZ",2007,42.63
"MOZ",2008,48.7
"MOZ",2009,58.37
"MOZ",2010,46.66
"MOZ",2011,74.34
"MOZ",2012,63.44
"MOZ",2013,69.92
"MOZ",2014,87.45
"MOZ",2015,105.17
"MOZ",2016,109.95
"MOZ",2017,133
"MOZ",2018,150.7
"MOZ",2019,155.23
"MOZ",2020,176.28
"MOZ",2021,219.67
"MOZ",2022,194.32
"MRT",1996,4.98
"MRT",1997,6.79
"MRT",1998,4.95
"MRT",1999,6.81
"MRT",2000,6.33
"MRT",2001,7.27
"MRT",2002,6.9
"MRT",2003,4.95
"MRT",2004,6.39
"MRT",2005,10.96
"MRT",2006,7.28
"MRT",2007,9.21
"MRT",2008,4.44
"MRT",2009,7.3
"MRT",2010,5.23
"MRT",2011,13.44
"MRT",2012,12.99
"MRT",2013,15.17
"MRT",2014,12.19
"MRT",2015,14.3
"MRT",2016,15.13
"MRT",2017,11.4
"MRT",2018,16.72
"MRT",2019,20.63
"MRT",2020,22.25
"MRT",2021,36.65
"MRT",2022,26.47
"MUS",1996,14
"MUS",1997,17.17
"MUS",1998,22.47
"MUS",1999,47.21
"MUS",2000,53.71
"MUS",2001,45.79
"MUS",2002,63.47
"MUS",2003,42.07
"MUS",2004,56.68
"MUS",2005,75.47
"MUS",2006,59.03
"MUS",2007,53.09
"MUS",2008,69.89
"MUS",2009,79.6
"MUS",2010,84.8
"MUS",2011,63.59
"MUS",2012,115.62
"MUS",2013,121.12
"MUS",2014,122.34
"MUS",2015,120.65
"MUS",2016,155.07
"MUS",2017,167.13
"MUS",2018,133.59
"MUS",2019,236.54
"MUS",2020,193.23
"MUS",2021,193.76
"MUS",2022,238.86
"MWI",1996,60.08
"MWI",1997,55.62
"MWI",1998,49.86
"MWI",1999,53.95
"MWI",2000,65.37
"MWI",2001,75.35
"MWI",2002,78.31
"MWI",2003,75.56
"MWI",2004,82.28
"MWI",2005,85.61
"MWI",2006,87.43
"MWI",2007,130.35
"MWI",2008,112.38
"MWI",2009,106.44
"MWI",2010,126.77
"MWI",2011,141.15
"MWI",2012,157.59
"MWI",2013,135.58
"MWI",2014,171.69
"MWI",2015,178.8
"MWI",2016,195.41
"MWI",2017,234.81
"MWI",2018,245.97
"MWI",2019,252.4
"MWI",2020,291.02
"MWI",2021,371.88
"MWI",2022,361.73
"MYS",1996,800.64
"MYS",1997,887.13
"MYS",1998,921.2
"MYS",1999,993.41
"MYS",2000,1327.34
"MYS",2001,1170.75
"MYS",2002,1484.43
"MYS",2003,1761.55
"MYS",2004,2093.36
"MYS",2005,2508.56
"MYS",2006,3210.77
"MYS",2007,3763.96
"MYS",2008,5859.36
"MYS",2009,7850.72
"MYS",2010,10937.69
"MYS",2011,13550.23
"MYS",2012,14203.57
"MYS",2013,15008.95
"MYS",2014,16608.39
"MYS",2015,18099.96
"MYS",2016,18747.44
"MYS",2017,19900.96
"MYS",2018,19992.49
"MYS",2019,21651.72
"MYS",2020,21993.06
"MYS",2021,26302.68
"MYS",2022,26506.35
"NAM",1996,18.5
"NAM",1997,30.79
"NAM",1998,46
"NAM",1999,29.23
"NAM",2000,20.76
"NAM",2001,45.23
"NAM",2002,36.39
"NAM",2003,46.11
"NAM",2004,32.65
"NAM",2005,53.48
"NAM",2006,35.78
"NAM",2007,40.1
"NAM",2008,33.07
"NAM",2009,31.89
"NAM",2010,37.81
"NAM",2011,49.14
"NAM",2012,64.47
"NAM",2013,85.49
"NAM",2014,91.97
"NAM",2015,100.28
"NAM",2016,100.59
"NAM",2017,114.24
"NAM",2018,160.59
"NAM",2019,157.84
"NAM",2020,203.62
"NAM",2021,230.62
"NAM",2022,219.77
"NER",1996,19.32
"NER",1997,37.3
"NER",1998,35.46
"NER",1999,27.63
"NER",2000,24.98
"NER",2001,25.78
"NER",2002,20.16
"NER",2003,23.92
"NER",2004,22.46
"NER",2005,21.52
"NER",2006,29.42
"NER",2007,29.41
"NER",2008,27.05
"NER",2009,53.57
"NER",2010,67.79
"NER",2011,31.39
"NER",2012,30.76
"NER",2013,31.32
"NER",2014,48.31
"NER",2015,52.98
"NER",2016,51.13
"NER",2017,57.14
"NER",2018,65.89
"NER",2019,63.64
"NER",2020,67.78
"NER",2021,56.76
"NER",2022,73.56
"NGA",1996,908.53
"NGA",1997,924.25
"NGA",1998,884.83
"NGA",1999,962.82
"NGA",2000,1036.35
"NGA",2001,1058.73
"NGA",2002,1208.14
"NGA",2003,1321.22
"NGA",2004,1475.89
"NGA",2005,1784.91
"NGA",2006,1958.42
"NGA",2007,2141.08
"NGA",2008,2267.25
"NGA",2009,2871.93
"NGA",2010,3173.35
"NGA",2011,3410.07
"NGA",2012,3114.14
"NGA",2013,3137.77
"NGA",2014,3554.04
"NGA",2015,3561.88
"NGA",2016,3958.74
"NGA",2017,4502.59
"NGA",2018,5528.59
"NGA",2019,6894.13
"NGA",2020,8170.31
"NGA",2021,9422.75
"NGA",2022,9408.02
"NIC",1996,15.86
"NIC",1997,19.79
"NIC",1998,13.59
"NIC",1999,8.78
"NIC",2000,14.14
"NIC",2001,10.86
"NIC",2002,7.63
"NIC",2003,14.66
"NIC",2004,17.2
"NIC",2005,21.86
"NIC",2006,33.78
"NIC",2007,22.5
"NIC",2008,27.39
"NIC",2009,27.96
"NIC",2010,30.46
"NIC",2011,30.44
"NIC",2012,31.53
"NIC",2013,28.96
"NIC",2014,33.56
"NIC",2015,27.42
"NIC",2016,37.77
"NIC",2017,42.41
"NIC",2018,43.03
"NIC",2019,35.85
"NIC",2020,39.21
"NIC",2021,45.56
"NIC",2022,41.45
"NLD",1996,18565.62
"NLD",1997,18654.85
"NLD",1998,18778.35
"NLD",1999,17751.63
"NLD",2000,18865.25
"NLD",2001,18769.03
"NLD",2002,19627.11
"NLD",2003,20265.99
"NLD",2004,21716.81
"NLD",2005,24421.03
"NLD",2006,25054.53
"NLD",2007,25817.72
"NLD",2008,26794.65
"NLD",2009,28747.75
"NLD",2010,29400.04
"NLD",2011,30229.23
"NLD",2012,31031.95
"NLD",2013,31621.17
"NLD",2014,31939.52
"NLD",2015,31744.65
"NLD",2016,31496.18
"NLD",2017,31643.49
"NLD",2018,32093.15
"NLD",2019,32282.4
"NLD",2020,33060.81
"NLD",2021,34933.42
"NLD",2022,34311.17
"NOR",1996,4790.04
"NOR",1997,5158.2
"NOR",1998,5207.28
"NOR",1999,4792.49
"NOR",2000,5063.27
"NOR",2001,5159.27
"NOR",2002,5168.99
"NOR",2003,5343.55
"NOR",2004,5842.12
"NOR",2005,6829.89
"NOR",2006,7248.79
"NOR",2007,7799.09
"NOR",2008,7992.95
"NOR",2009,8868.25
"NOR",2010,9078.32
"NOR",2011,9707.54
"NOR",2012,10328.16
"NOR",2013,10371.73
"NOR",2014,10660.66
"NOR",2015,10715.99
"NOR",2016,11388.28
"NOR",2017,11973.4
"NOR",2018,12413.22
"NOR",2019,12827.31
"NOR",2020,13480.21
"NOR",2021,14194.52
"NOR",2022,14068.95
"NPL",1996,55.62
"NPL",1997,65.65
"NPL",1998,85.87
"NPL",1999,85.08
"NPL",2000,100.36
"NPL",2001,114.36
"NPL",2002,121.98
"NPL",2003,234.29
"NPL",2004,224.77
"NPL",2005,295.24
"NPL",2006,361.82
"NPL",2007,388.75
"NPL",2008,353.61
"NPL",2009,387.07
"NPL",2010,381.93
"NPL",2011,390.74
"NPL",2012,395.9
"NPL",2013,458.01
"NPL",2014,507.32
"NPL",2015,539.03
"NPL",2016,627.01
"NPL",2017,693.49
"NPL",2018,840.67
"NPL",2019,1054.19
"NPL",2020,1513.19
"NPL",2021,1797.2
"NPL",2022,1699.22
"NRU",1996,0
"NRU",1997,0.25
"NRU",1998,0.14
"NRU",1999,0
"NRU",2000,0
"NRU",2001,0.33
"NRU",2002,0
"NRU",2003,0
"NRU",2004,0.23
"NRU",2005,0.5
"NRU",2006,0.27
"NRU",2007,0
"NRU",2008,0
"NRU",2009,0.67
"NRU",2010,0
"NRU",2011,0.74
"NRU",2012,0.5
"NRU",2013,0.34
"NRU",2014,0.37
"NRU",2015,0.33
"NRU",2016,0.47
"NRU",2017,0
"NRU",2018,0
"NRU",2019,0.33
"NRU",2020,0.9
"NRU",2021,0
"NRU",2022,0.27
"NZL",1996,3749.47
"NZL",1997,4027.97
"NZL",1998,4110.31
"NZL",1999,4361.2
"NZL",2000,4324.72
"NZL",2001,4412.78
"NZL",2002,4373.95
"NZL",2003,4522.51
"NZL",2004,4947.7
"NZL",2005,5448.08
"NZL",2006,5769.72
"NZL",2007,6148.62
"NZL",2008,6434.48
"NZL",2009,6683.61
"NZL",2010,6962.2
"NZL",2011,7675.32
"NZL",2012,7759.43
"NZL",2013,7808.07
"NZL",2014,7997.3
"NZL",2015,7892.26
"NZL",2016,8203.8
"NZL",2017,8178.13
"NZL",2018,8396.44
"NZL",2019,8890.78
"NZL",2020,8813.47
"NZL",2021,9152.02
"NZL",2022,9213.62
"OMN",1996,118.37
"OMN",1997,123.5
"OMN",1998,157.74
"OMN",1999,148.2
"OMN",2000,208.8
"OMN",2001,236.03
"OMN",2002,247.47
"OMN",2003,303.69
"OMN",2004,310.3
"OMN",2005,327.26
"OMN",2006,352.29
"OMN",2007,413.64
"OMN",2008,448.65
"OMN",2009,486.47
"OMN",2010,538.26
"OMN",2011,600.64
"OMN",2012,603.03
"OMN",2013,670.52
"OMN",2014,691.48
"OMN",2015,762.02
"OMN",2016,771.58
"OMN",2017,787.97
"OMN",2018,846.25
"OMN",2019,982.36
"OMN",2020,1074.58
"OMN",2021,1399.09
"OMN",2022,1588.15
"PAK",1996,727.91
"PAK",1997,801.83
"PAK",1998,954.57
"PAK",1999,989.48
"PAK",2000,1036.55
"PAK",2001,1233.34
"PAK",2002,1350.92
"PAK",2003,1465.01
"PAK",2004,1730.34
"PAK",2005,2356.02
"PAK",2006,2796.17
"PAK",2007,3335.15
"PAK",2008,4076.38
"PAK",2009,4827.6
"PAK",2010,5470.45
"PAK",2011,6069.82
"PAK",2012,6483.15
"PAK",2013,7175.1
"PAK",2014,7322.71
"PAK",2015,8116.95
"PAK",2016,9294.65
"PAK",2017,11152.3
"PAK",2018,12370.03
"PAK",2019,15378.21
"PAK",2020,16977.89
"PAK",2021,20753.75
"PAK",2022,22642.68
"PAN",1996,65.89
"PAN",1997,46.94
"PAN",1998,49.16
"PAN",1999,50.56
"PAN",2000,42.75
"PAN",2001,59.24
"PAN",2002,50.59
"PAN",2003,64.62
"PAN",2004,65.36
"PAN",2005,79.6
"PAN",2006,83.53
"PAN",2007,100.21
"PAN",2008,118.4
"PAN",2009,118.74
"PAN",2010,118.76
"PAN",2011,130.16
"PAN",2012,155.83
"PAN",2013,155.37
"PAN",2014,166.51
"PAN",2015,164.37
"PAN",2016,154.78
"PAN",2017,175.99
"PAN",2018,175.81
"PAN",2019,261.7
"PAN",2020,264.98
"PAN",2021,290.26
"PAN",2022,376.12
"PER",1996,121.87
"PER",1997,117.75
"PER",1998,93.7
"PER",1999,160.92
"PER",2000,172.38
"PER",2001,196.66
"PER",2002,191.96
"PER",2003,267.77
"PER",2004,265.08
"PER",2005,302.14
"PER",2006,441.15
"PER",2007,402.49
"PER",2008,406.39
"PER",2009,491.52
"PER",2010,553.93
"PER",2011,596.78
"PER",2012,641.35
"PER",2013,667.12
"PER",2014,745.61
"PER",2015,899.29
"PER",2016,1071.41
"PER",2017,1389.87
"PER",2018,1700.86
"PER",2019,2332.04
"PER",2020,2892.98
"PER",2021,4064.96
"PER",2022,4584.96
"PHL",1996,264.21
"PHL",1997,298.25
"PHL",1998,302.08
"PHL",1999,281.43
"PHL",2000,345.72
"PHL",2001,304.03
"PHL",2002,407.82
"PHL",2003,375.35
"PHL",2004,389.09
"PHL",2005,457.51
"PHL",2006,445.82
"PHL",2007,492.66
"PHL",2008,545.02
"PHL",2009,595.33
"PHL",2010,679.82
"PHL",2011,878.82
"PHL",2012,820.31
"PHL",2013,935.46
"PHL",2014,1038.82
"PHL",2015,1365.11
"PHL",2016,1654.64
"PHL",2017,1992.04
"PHL",2018,2121.3
"PHL",2019,3379.76
"PHL",2020,3262.82
"PHL",2021,4052.93
"PHL",2022,3961.49
"PLW",1996,1.29
"PLW",1997,0.92
"PLW",1998,1.5
"PLW",1999,0
"PLW",2000,2.33
"PLW",2001,3.09
"PLW",2002,1.83
"PLW",2003,1.83
"PLW",2004,2.88
"PLW",2005,10.48
"PLW",2006,4.79
"PLW",2007,7.97
"PLW",2008,3.71
"PLW",2009,2.73
"PLW",2010,5.17
"PLW",2011,1.85
"PLW",2012,2.25
"PLW",2013,4.2
"PLW",2014,4.71
"PLW",2015,5.61
"PLW",2016,3.3
"PLW",2017,5.96
"PLW",2018,6.51
"PLW",2019,6.1
"PLW",2020,6.52
"PLW",2021,5.61
"PLW",2022,6.45
"PNG",1996,86.16
"PNG",1997,73.82
"PNG",1998,73.97
"PNG",1999,69.88
"PNG",2000,64.24
"PNG",2001,76.27
"PNG",2002,51.99
"PNG",2003,54.18
"PNG",2004,42.64
"PNG",2005,37.26
"PNG",2006,48.87
"PNG",2007,60.76
"PNG",2008,59
"PNG",2009,40.02
"PNG",2010,49.73
"PNG",2011,41.6
"PNG",2012,61.17
"PNG",2013,53.22
"PNG",2014,62.9
"PNG",2015,58.96
"PNG",2016,59.81
"PNG",2017,62
"PNG",2018,61.16
"PNG",2019,71.07
"PNG",2020,60.17
"PNG",2021,83.64
"PNG",2022,83.33
"POL",1996,11065.53
"POL",1997,11075.57
"POL",1998,11369.23
"POL",1999,11933.1
"POL",2000,12984.35
"POL",2001,14359.62
"POL",2002,15613.41
"POL",2003,16749.52
"POL",2004,18896.41
"POL",2005,20405.04
"POL",2006,22224.04
"POL",2007,22093.36
"POL",2008,23900.02
"POL",2009,23783.14
"POL",2010,24723.17
"POL",2011,25612.69
"POL",2012,27711.05
"POL",2013,29634.94
"POL",2014,31104.41
"POL",2015,32723.75
"POL",2016,34267.43
"POL",2017,33886.6
"POL",2018,35457.24
"POL",2019,36493.83
"POL",2020,38445.19
"POL",2021,41280.7
"POL",2022,37368.15
"PRI",1996,416.61
"PRI",1997,451.09
"PRI",1998,429.68
"PRI",1999,397.75
"PRI",2000,384.14
"PRI",2001,412.04
"PRI",2002,431.7
"PRI",2003,544.78
"PRI",2004,515.31
"PRI",2005,568.93
"PRI",2006,702.95
"PRI",2007,680.45
"PRI",2008,694.03
"PRI",2009,651.56
"PRI",2010,714.7
"PRI",2011,626.03
"PRI",2012,629.06
"PRI",2013,581.84
"PRI",2014,607.11
"PRI",2015,587.27
"PRI",2016,608.88
"PRI",2017,578.41
"PRI",2018,563.96
"PRI",2019,573.61
"PRI",2020,587.91
"PRI",2021,569.71
"PRI",2022,569.66
"PRK",1996,1.15
"PRK",1997,1.38
"PRK",1998,1.2
"PRK",1999,0.56
"PRK",2000,1.6
"PRK",2001,0.17
"PRK",2002,1.33
"PRK",2003,1.33
"PRK",2004,1.89
"PRK",2005,4.31
"PRK",2006,2.18
"PRK",2007,6.4
"PRK",2008,10.46
"PRK",2009,6.74
"PRK",2010,8.31
"PRK",2011,7.52
"PRK",2012,17.88
"PRK",2013,9.11
"PRK",2014,16.73
"PRK",2015,39.01
"PRK",2016,42.06
"PRK",2017,56.6
"PRK",2018,89.9
"PRK",2019,144.61
"PRK",2020,177.26
"PRK",2021,245.09
"PRK",2022,263.49
"PRT",1996,2210.65
"PRT",1997,2619.11
"PRT",1998,2840.16
"PRT",1999,3129.07
"PRT",2000,3328.54
"PRT",2001,3822.28
"PRT",2002,4058.67
"PRT",2003,4672.02
"PRT",2004,5230.92
"PRT",2005,5961.16
"PRT",2006,7264.79
"PRT",2007,7678.64
"PRT",2008,8752.22
"PRT",2009,9560.16
"PRT",2010,10632.46
"PRT",2011,11915.85
"PRT",2012,13001.8
"PRT",2013,13889.26
"PRT",2014,14438.03
"PRT",2015,14810.29
"PRT",2016,14398.94
"PRT",2017,14405.2
"PRT",2018,14906.3
"PRT",2019,16534.56
"PRT",2020,17269.64
"PRT",2021,19600.42
"PRT",2022,19622.76
"PRY",1996,15.6
"PRY",1997,14.84
"PRY",1998,17.24
"PRY",1999,15.93
"PRY",2000,13.35
"PRY",2001,17.91
"PRY",2002,12.65
"PRY",2003,17.83
"PRY",2004,25.2
"PRY",2005,25.96
"PRY",2006,26.82
"PRY",2007,29.18
"PRY",2008,32.01
"PRY",2009,29.67
"PRY",2010,34.25
"PRY",2011,49.15
"PRY",2012,55.91
"PRY",2013,60.16
"PRY",2014,63.16
"PRY",2015,94.74
"PRY",2016,102.38
"PRY",2017,140.84
"PRY",2018,104.89
"PRY",2019,167.73
"PRY",2020,173.48
"PRY",2021,190.01
"PRY",2022,208.68
"PSE",1996,34.81
"PSE",1997,46.25
"PSE",1998,45.6
"PSE",1999,67.99
"PSE",2000,67.68
"PSE",2001,58.81
"PSE",2002,91.18
"PSE",2003,87.74
"PSE",2004,103.89
"PSE",2005,103.39
"PSE",2006,113.98
"PSE",2007,149.43
"PSE",2008,151.21
"PSE",2009,175.66
"PSE",2010,192.44
"PSE",2011,207.28
"PSE",2012,205.83
"PSE",2013,228.74
"PSE",2014,234.3
"PSE",2015,222.35
"PSE",2016,238.85
"PSE",2017,329.48
"PSE",2018,386.58
"PSE",2019,473.38
"PSE",2020,522.14
"PSE",2021,628.83
"PSE",2022,714.58
"QAT",1996,45.52
"QAT",1997,44.04
"QAT",1998,54.33
"QAT",1999,44.13
"QAT",2000,44.06
"QAT",2001,75.39
"QAT",2002,89.35
"QAT",2003,106.83
"QAT",2004,136.67
"QAT",2005,164.89
"QAT",2006,190.37
"QAT",2007,219.37
"QAT",2008,296.22
"QAT",2009,323.5
"QAT",2010,400.2
"QAT",2011,459.57
"QAT",2012,610.64
"QAT",2013,798.6
"QAT",2014,1120.5
"QAT",2015,1192.34
"QAT",2016,1437.58
"QAT",2017,1424.46
"QAT",2018,1555.68
"QAT",2019,1838.24
"QAT",2020,2333.06
"QAT",2021,2655.23
"QAT",2022,2649.64
"ROU",1996,1763.94
"ROU",1997,2040.62
"ROU",1998,2138.49
"ROU",1999,2070.08
"ROU",2000,2269.76
"ROU",2001,2281.16
"ROU",2002,2320.07
"ROU",2003,2516.91
"ROU",2004,2691.68
"ROU",2005,3323.06
"ROU",2006,3642.27
"ROU",2007,4987.51
"ROU",2008,6995.64
"ROU",2009,8722.51
"ROU",2010,9877.38
"ROU",2011,9663.13
"ROU",2012,9844.05
"ROU",2013,9740.94
"ROU",2014,9746.12
"ROU",2015,10357.99
"ROU",2016,9456.26
"ROU",2017,9734.81
"ROU",2018,9295.6
"ROU",2019,10705.93
"ROU",2020,10334.95
"ROU",2021,12021.69
"ROU",2022,11669.69
"RUS",1996,34671.81
"RUS",1997,33775.49
"RUS",1998,34621.11
"RUS",1999,32578.24
"RUS",2000,32706.64
"RUS",2001,36554.8
"RUS",2002,36335.6
"RUS",2003,34851.82
"RUS",2004,35079.43
"RUS",2005,34561.84
"RUS",2006,30269.91
"RUS",2007,30957.09
"RUS",2008,32732.4
"RUS",2009,33541.86
"RUS",2010,34294.25
"RUS",2011,36397.08
"RUS",2012,36531.93
"RUS",2013,38952.94
"RUS",2014,44778.75
"RUS",2015,51956.58
"RUS",2016,61137.3
"RUS",2017,68641.1
"RUS",2018,77629.6
"RUS",2019,90819.89
"RUS",2020,94909.93
"RUS",2021,100841.94
"RUS",2022,84251.73
"RWA",1996,7.88
"RWA",1997,8.4
"RWA",1998,9.42
"RWA",1999,2.4
"RWA",2000,3.19
"RWA",2001,4.14
"RWA",2002,3.73
"RWA",2003,7.16
"RWA",2004,9.13
"RWA",2005,6.78
"RWA",2006,19.01
"RWA",2007,20.51
"RWA",2008,29.22
"RWA",2009,34.79
"RWA",2010,44.95
"RWA",2011,47.07
"RWA",2012,53.75
"RWA",2013,88.22
"RWA",2014,96.5
"RWA",2015,102.51
"RWA",2016,130.22
"RWA",2017,127.74
"RWA",2018,173.12
"RWA",2019,197.72
"RWA",2020,264.98
"RWA",2021,328.92
"RWA",2022,352.94
"SAU",1996,1660.42
"SAU",1997,1697.16
"SAU",1998,1709.29
"SAU",1999,1554.64
"SAU",2000,1595.72
"SAU",2001,1584.38
"SAU",2002,1640.28
"SAU",2003,1778.5
"SAU",2004,1773.82
"SAU",2005,1799.39
"SAU",2006,1914.28
"SAU",2007,2053.72
"SAU",2008,2265.61
"SAU",2009,2883.94
"SAU",2010,3626.81
"SAU",2011,4831.03
"SAU",2012,5832.1
"SAU",2013,7117.79
"SAU",2014,8119.83
"SAU",2015,8838.53
"SAU",2016,9340.69
"SAU",2017,9944.06
"SAU",2018,10745.38
"SAU",2019,13007.68
"SAU",2020,17012.12
"SAU",2021,21610.2
"SAU",2022,25825.3
"SDN",1996,68.87
"SDN",1997,71.1
"SDN",1998,88.03
"SDN",1999,61.99
"SDN",2000,69.06
"SDN",2001,63.18
"SDN",2002,71.94
"SDN",2003,85.07
"SDN",2004,99.9
"SDN",2005,109.65
"SDN",2006,102.21
"SDN",2007,134.36
"SDN",2008,149.7
"SDN",2009,191.14
"SDN",2010,238.87
"SDN",2011,273.02
"SDN",2012,243.74
"SDN",2013,321.24
"SDN",2014,221.77
"SDN",2015,251.84
"SDN",2016,365.59
"SDN",2017,321.71
"SDN",2018,400.53
"SDN",2019,390.18
"SDN",2020,385.69
"SDN",2021,547.91
"SDN",2022,507.12
"SEN",1996,154.33
"SEN",1997,154.89
"SEN",1998,171.65
"SEN",1999,183.89
"SEN",2000,145.79
"SEN",2001,149.31
"SEN",2002,164.22
"SEN",2003,206.16
"SEN",2004,169.83
"SEN",2005,202.96
"SEN",2006,168.2
"SEN",2007,207.76
"SEN",2008,208.91
"SEN",2009,179.1
"SEN",2010,189.46
"SEN",2011,261.02
"SEN",2012,260.75
"SEN",2013,275.66
"SEN",2014,296.3
"SEN",2015,328.18
"SEN",2016,333.11
"SEN",2017,339.19
"SEN",2018,384.95
"SEN",2019,377.31
"SEN",2020,413.42
"SEN",2021,421.32
"SEN",2022,450.9
"SGP",1996,2440.02
"SGP",1997,3168.89
"SGP",1998,3211.31
"SGP",1999,4040.11
"SGP",2000,4812.54
"SGP",2001,4917.06
"SGP",2002,5494.59
"SGP",2003,6216.66
"SGP",2004,7569.13
"SGP",2005,8104.46
"SGP",2006,8422.64
"SGP",2007,8184.89
"SGP",2008,8706.65
"SGP",2009,9004.41
"SGP",2010,9957.9
"SGP",2011,10208.42
"SGP",2012,10823.23
"SGP",2013,11085.5
"SGP",2014,11333.21
"SGP",2015,11536.92
"SGP",2016,12074.78
"SGP",2017,12189.62
"SGP",2018,12072.15
"SGP",2019,12086.28
"SGP",2020,12347.41
"SGP",2021,12611.05
"SGP",2022,12700.34
"SLB",1996,3.83
"SLB",1997,8.89
"SLB",1998,8.03
"SLB",1999,9.71
"SLB",2000,5.31
"SLB",2001,2.44
"SLB",2002,1.04
"SLB",2003,3.86
"SLB",2004,2.64
"SLB",2005,3.06
"SLB",2006,6.59
"SLB",2007,4.57
"SLB",2008,2.86
"SLB",2009,3.78
"SLB",2010,9.27
"SLB",2011,7.3
"SLB",2012,4.37
"SLB",2013,4.01
"SLB",2014,8.02
"SLB",2015,13.72
"SLB",2016,14.96
"SLB",2017,10.91
"SLB",2018,15.31
"SLB",2019,13.43
"SLB",2020,15.67
"SLB",2021,14.22
"SLB",2022,11.06
"SLE",1996,10.91
"SLE",1997,16.51
"SLE",1998,12.89
"SLE",1999,4.12
"SLE",2000,4.51
"SLE",2001,4.83
"SLE",2002,2.46
"SLE",2003,2.81
"SLE",2004,5.42
"SLE",2005,4.01
"SLE",2006,5.46
"SLE",2007,4.72
"SLE",2008,7.71
"SLE",2009,8.96
"SLE",2010,12.08
"SLE",2011,10.62
"SLE",2012,14.65
"SLE",2013,14.58
"SLE",2014,20.18
"SLE",2015,32.75
"SLE",2016,47.14
"SLE",2017,41.74
"SLE",2018,41.07
"SLE",2019,52.07
"SLE",2020,63.9
"SLE",2021,78.52
"SLE",2022,86.77
"SLV",1996,4.23
"SLV",1997,4.04
"SLV",1998,2.14
"SLV",1999,4.79
"SLV",2000,2.95
"SLV",2001,8.39
"SLV",2002,13.78
"SLV",2003,6.68
"SLV",2004,18.14
"SLV",2005,14.77
"SLV",2006,19.24
"SLV",2007,14.88
"SLV",2008,20.19
"SLV",2009,15.11
"SLV",2010,20.07
"SLV",2011,17.51
"SLV",2012,19.87
"SLV",2013,15.39
"SLV",2014,18.89
"SLV",2015,24.62
"SLV",2016,29.01
"SLV",2017,29.67
"SLV",2018,46.52
"SLV",2019,25.85
"SLV",2020,19.21
"SLV",2021,33.42
"SLV",2022,54.79
"SMR",1996,3.03
"SMR",1997,0.46
"SMR",1998,2.84
"SMR",1999,0.08
"SMR",2000,1.5
"SMR",2001,1.09
"SMR",2002,0
"SMR",2003,0.17
"SMR",2004,1.58
"SMR",2005,1.33
"SMR",2006,0.67
"SMR",2007,2.42
"SMR",2008,3.76
"SMR",2009,1.21
"SMR",2010,1.3
"SMR",2011,2.33
"SMR",2012,3.66
"SMR",2013,7.03
"SMR",2014,4.9
"SMR",2015,7.25
"SMR",2016,8.56
"SMR",2017,14.31
"SMR",2018,12.12
"SMR",2019,11.96
"SMR",2020,10.15
"SMR",2021,16.1
"SMR",2022,19.12
"SOM",1996,1.32
"SOM",1997,1.9
"SOM",1998,0.48
"SOM",1999,0.83
"SOM",2000,0.3
"SOM",2001,0
"SOM",2002,1.71
"SOM",2003,1.83
"SOM",2004,1.14
"SOM",2005,0
"SOM",2006,1.53
"SOM",2007,0
"SOM",2008,1.58
"SOM",2009,2.75
"SOM",2010,2.74
"SOM",2011,2.89
"SOM",2012,1.43
"SOM",2013,6.31
"SOM",2014,5.45
"SOM",2015,5.45
"SOM",2016,3.51
"SOM",2017,10.82
"SOM",2018,10.24
"SOM",2019,18.86
"SOM",2020,33.07
"SOM",2021,54.49
"SOM",2022,106.49
"SRB",1996,0
"SRB",1997,0
"SRB",1998,0
"SRB",1999,0
"SRB",2000,0
"SRB",2001,0
"SRB",2002,0
"SRB",2003,0
"SRB",2004,0
"SRB",2005,0
"SRB",2006,0
"SRB",2007,2990.22
"SRB",2008,3116.55
"SRB",2009,3735.46
"SRB",2010,4072.49
"SRB",2011,4820
"SRB",2012,5912.23
"SRB",2013,5274.97
"SRB",2014,5069.3
"SRB",2015,4895.14
"SRB",2016,5030.89
"SRB",2017,4918.08
"SRB",2018,4837.37
"SRB",2019,5062.2
"SRB",2020,4736.72
"SRB",2021,5275.05
"SRB",2022,5379.47
"SSD",1996,0
"SSD",1997,0
"SSD",1998,0
"SSD",1999,0
"SSD",2000,0
"SSD",2001,0
"SSD",2002,0
"SSD",2003,0
"SSD",2004,0
"SSD",2005,0
"SSD",2006,0
"SSD",2007,0
"SSD",2008,0
"SSD",2009,0
"SSD",2010,0
"SSD",2011,1.62
"SSD",2012,2.42
"SSD",2013,8.96
"SSD",2014,5.62
"SSD",2015,5.51
"SSD",2016,2.11
"SSD",2017,5.73
"SSD",2018,9.62
"SSD",2019,8.67
"SSD",2020,14.57
"SSD",2021,13.09
"SSD",2022,16.38
"STP",1996,1.67
"STP",1997,1
"STP",1998,0.05
"STP",1999,0
"STP",2000,0.37
"STP",2001,0.83
"STP",2002,0.78
"STP",2003,1.77
"STP",2004,0.58
"STP",2005,0.25
"STP",2006,0.97
"STP",2007,1.31
"STP",2008,0
"STP",2009,1.78
"STP",2010,2.23
"STP",2011,0
"STP",2012,0.52
"STP",2013,0.16
"STP",2014,1.24
"STP",2015,1.42
"STP",2016,1.12
"STP",2017,0.88
"STP",2018,0.86
"STP",2019,2.37
"STP",2020,2.78
"STP",2021,2.96
"STP",2022,3.8
"SUR",1996,2.29
"SUR",1997,1.96
"SUR",1998,1.56
"SUR",1999,2.85
"SUR",2000,2.62
"SUR",2001,4.27
"SUR",2002,3.47
"SUR",2003,3.4
"SUR",2004,4.58
"SUR",2005,4.82
"SUR",2006,5.22
"SUR",2007,9.35
"SUR",2008,4.37
"SUR",2009,5.53
"SUR",2010,4.66
"SUR",2011,4.21
"SUR",2012,9.51
"SUR",2013,16.37
"SUR",2014,8.45
"SUR",2015,13.2
"SUR",2016,22.14
"SUR",2017,14.67
"SUR",2018,17.48
"SUR",2019,19.98
"SUR",2020,19.85
"SUR",2021,24.92
"SUR",2022,13.33
"SVK",1996,2064.93
"SVK",1997,1811.65
"SVK",1998,2038.94
"SVK",1999,2028.39
"SVK",2000,2108.08
"SVK",2001,2093.67
"SVK",2002,2095.06
"SVK",2003,2145.43
"SVK",2004,2280.44
"SVK",2005,2502.81
"SVK",2006,2594.59
"SVK",2007,2829.29
"SVK",2008,3317.19
"SVK",2009,3119.94
"SVK",2010,3566.62
"SVK",2011,3824.54
"SVK",2012,4189.34
"SVK",2013,4390.13
"SVK",2014,4941
"SVK",2015,5066.29
"SVK",2016,5485.35
"SVK",2017,5691.88
"SVK",2018,5237.95
"SVK",2019,5845.98
"SVK",2020,5671.55
"SVK",2021,5844.28
"SVK",2022,5390.39
"SVN",1996,1109.18
"SVN",1997,1236.52
"SVN",1998,1232.88
"SVN",1999,1425.5
"SVN",2000,1717.04
"SVN",2001,1679.44
"SVN",2002,1806.9
"SVN",2003,2165.76
"SVN",2004,1935.95
"SVN",2005,2363.2
"SVN",2006,2387.62
"SVN",2007,2750.26
"SVN",2008,3048.87
"SVN",2009,3231.92
"SVN",2010,3230.1
"SVN",2011,3661.52
"SVN",2012,3561.91
"SVN",2013,3573.94
"SVN",2014,3516.41
"SVN",2015,3602.54
"SVN",2016,3440.93
"SVN",2017,3502.91
"SVN",2018,3390.46
"SVN",2019,3765.7
"SVN",2020,3964.77
"SVN",2021,4471.29
"SVN",2022,4073.69
"SWE",1996,13385.05
"SWE",1997,13803.62
"SWE",1998,14004
"SWE",1999,14202.82
"SWE",2000,14569.85
"SWE",2001,14742.17
"SWE",2002,14576.2
"SWE",2003,14968.22
"SWE",2004,15467.25
"SWE",2005,16626.71
"SWE",2006,16930.72
"SWE",2007,16896.47
"SWE",2008,16772.64
"SWE",2009,17638.1
"SWE",2010,17935.11
"SWE",2011,18466.61
"SWE",2012,19421.58
"SWE",2013,20023.76
"SWE",2014,21042.01
"SWE",2015,21197.56
"SWE",2016,21161.98
"SWE",2017,21174.66
"SWE",2018,21255.37
"SWE",2019,21466.94
"SWE",2020,21766.86
"SWE",2021,22723.69
"SWE",2022,22353.75
"SWZ",1996,8.67
"SWZ",1997,12.38
"SWZ",1998,16.33
"SWZ",1999,12.53
"SWZ",2000,7.75
"SWZ",2001,5.64
"SWZ",2002,12.32
"SWZ",2003,6.6
"SWZ",2004,11.85
"SWZ",2005,12.7
"SWZ",2006,10.26
"SWZ",2007,6.96
"SWZ",2008,9.36
"SWZ",2009,11.94
"SWZ",2010,20.5
"SWZ",2011,20.81
"SWZ",2012,15.62
"SWZ",2013,17.34
"SWZ",2014,10.71
"SWZ",2015,15.25
"SWZ",2016,18.78
"SWZ",2017,28.79
"SWZ",2018,29.4
"SWZ",2019,33.67
"SWZ",2020,36.63
"SWZ",2021,39.75
"SWZ",2022,43.19
"SYC",1996,2.5
"SYC",1997,2.28
"SYC",1998,5.03
"SYC",1999,0.68
"SYC",2000,4.45
"SYC",2001,3.9
"SYC",2002,5.92
"SYC",2003,9.6
"SYC",2004,5.04
"SYC",2005,4.91
"SYC",2006,8.76
"SYC",2007,12.34
"SYC",2008,10.65
"SYC",2009,6.56
"SYC",2010,12.83
"SYC",2011,9.7
"SYC",2012,10
"SYC",2013,16.91
"SYC",2014,9.64
"SYC",2015,19.11
"SYC",2016,12.2
"SYC",2017,11.95
"SYC",2018,11.02
"SYC",2019,11.12
"SYC",2020,30.3
"SYC",2021,21.79
"SYC",2022,20.24
"SYR",1996,57.89
"SYR",1997,71.69
"SYR",1998,70.26
"SYR",1999,84.71
"SYR",2000,100.09
"SYR",2001,94.91
"SYR",2002,83.03
"SYR",2003,104.24
"SYR",2004,135.8
"SYR",2005,145.5
"SYR",2006,134.43
"SYR",2007,154.12
"SYR",2008,202.05
"SYR",2009,158.98
"SYR",2010,232.2
"SYR",2011,267.35
"SYR",2012,300.7
"SYR",2013,247.36
"SYR",2014,236.44
"SYR",2015,269.4
"SYR",2016,277.7
"SYR",2017,258.29
"SYR",2018,308.59
"SYR",2019,345.94
"SYR",2020,475.52
"SYR",2021,543.34
"SYR",2022,584.3
"TCD",1996,1.01
"TCD",1997,3.25
"TCD",1998,1.5
"TCD",1999,3.58
"TCD",2000,2.79
"TCD",2001,4.51
"TCD",2002,4.42
"TCD",2003,4.54
"TCD",2004,11.52
"TCD",2005,9.04
"TCD",2006,9.91
"TCD",2007,4.32
"TCD",2008,6.21
"TCD",2009,9.3
"TCD",2010,3.84
"TCD",2011,7.06
"TCD",2012,4.56
"TCD",2013,5.01
"TCD",2014,8.66
"TCD",2015,9.36
"TCD",2016,10.64
"TCD",2017,15.12
"TCD",2018,16.89
"TCD",2019,14.33
"TCD",2020,13.56
"TCD",2021,24.68
"TCD",2022,28.87
"TGO",1996,22.66
"TGO",1997,21.68
"TGO",1998,39.17
"TGO",1999,41.43
"TGO",2000,30.61
"TGO",2001,26.48
"TGO",2002,20.22
"TGO",2003,26
"TGO",2004,24.1
"TGO",2005,24.98
"TGO",2006,29.75
"TGO",2007,29.79
"TGO",2008,43.83
"TGO",2009,42.37
"TGO",2010,48.88
"TGO",2011,48.88
"TGO",2012,44.02
"TGO",2013,56.57
"TGO",2014,75.07
"TGO",2015,69.89
"TGO",2016,67.17
"TGO",2017,66.29
"TGO",2018,85.31
"TGO",2019,90.69
"TGO",2020,90.22
"TGO",2021,107.38
"TGO",2022,134.74
"THA",1996,848
"THA",1997,995.07
"THA",1998,1179.17
"THA",1999,1306.66
"THA",2000,1667.73
"THA",2001,1791.16
"THA",2002,2144.38
"THA",2003,2370.8
"THA",2004,2795.66
"THA",2005,3666.24
"THA",2006,4425.92
"THA",2007,4728.42
"THA",2008,5490.98
"THA",2009,6046.99
"THA",2010,6801.56
"THA",2011,7243.97
"THA",2012,7563.51
"THA",2013,7580.72
"THA",2014,8203.92
"THA",2015,8535.21
"THA",2016,9584.81
"THA",2017,11108.45
"THA",2018,12784.69
"THA",2019,13620.48
"THA",2020,14020.33
"THA",2021,16705.46
"THA",2022,18490.53
"TJK",1996,57.66
"TJK",1997,43.94
"TJK",1998,33.31
"TJK",1999,51.54
"TJK",2000,34.22
"TJK",2001,33.09
"TJK",2002,42.62
"TJK",2003,32.72
"TJK",2004,40.65
"TJK",2005,33.19
"TJK",2006,29.99
"TJK",2007,33.13
"TJK",2008,33.79
"TJK",2009,23.55
"TJK",2010,41.34
"TJK",2011,40.86
"TJK",2012,48.19
"TJK",2013,56.84
"TJK",2014,39.48
"TJK",2015,55.8
"TJK",2016,50.89
"TJK",2017,57.68
"TJK",2018,59.57
"TJK",2019,86.2
"TJK",2020,116.83
"TJK",2021,129.47
"TJK",2022,110.17
"TKM",1996,10.3
"TKM",1997,7.58
"TKM",1998,5.67
"TKM",1999,1.77
"TKM",2000,5.9
"TKM",2001,5.6
"TKM",2002,5.61
"TKM",2003,3.95
"TKM",2004,4.5
"TKM",2005,3.18
"TKM",2006,3.84
"TKM",2007,4.87
"TKM",2008,1.58
"TKM",2009,3.84
"TKM",2010,6.88
"TKM",2011,12.23
"TKM",2012,12.67
"TKM",2013,5.85
"TKM",2014,18.89
"TKM",2015,6.2
"TKM",2016,2.98
"TKM",2017,7.93
"TKM",2018,4.94
"TKM",2019,2.72
"TKM",2020,5.5
"TKM",2021,12.44
"TKM",2022,21.92
"TLS",1996,0
"TLS",1997,0
"TLS",1998,0
"TLS",1999,0
"TLS",2000,0
"TLS",2001,0
"TLS",2002,0
"TLS",2003,1.67
"TLS",2004,1
"TLS",2005,2.03
"TLS",2006,3.87
"TLS",2007,3.29
"TLS",2008,1.28
"TLS",2009,1.63
"TLS",2010,1.1
"TLS",2011,3.06
"TLS",2012,6
"TLS",2013,6.29
"TLS",2014,11.84
"TLS",2015,9.32
"TLS",2016,8.56
"TLS",2017,14.67
"TLS",2018,15.79
"TLS",2019,14.47
"TLS",2020,11.77
"TLS",2021,16.86
"TLS",2022,13.94
"TON",1996,0
"TON",1997,1.23
"TON",1998,1.25
"TON",1999,1.33
"TON",2000,2.33
"TON",2001,0.75
"TON",2002,1.83
"TON",2003,1.59
"TON",2004,3.13
"TON",2005,0.68
"TON",2006,4.66
"TON",2007,1.76
"TON",2008,0.46
"TON",2009,2.39
"TON",2010,1.28
"TON",2011,1.95
"TON",2012,1.83
"TON",2013,1.63
"TON",2014,0.88
"TON",2015,2.88
"TON",2016,3.34
"TON",2017,7.89
"TON",2018,5.82
"TON",2019,4.69
"TON",2020,9.24
"TON",2021,3.67
"TON",2022,4.63
"TTO",1996,73.03
"TTO",1997,76.46
"TTO",1998,86.1
"TTO",1999,79.34
"TTO",2000,88.81
"TTO",2001,107.09
"TTO",2002,111.99
"TTO",2003,120.38
"TTO",2004,132.38
"TTO",2005,174.55
"TTO",2006,130.66
"TTO",2007,169.38
"TTO",2008,161.74
"TTO",2009,208.35
"TTO",2010,212.36
"TTO",2011,221.34
"TTO",2012,205.67
"TTO",2013,158.81
"TTO",2014,242.35
"TTO",2015,151.67
"TTO",2016,206.67
"TTO",2017,221.4
"TTO",2018,233.13
"TTO",2019,241.49
"TTO",2020,246.75
"TTO",2021,264.04
"TTO",2022,261.85
"TUN",1996,382.19
"TUN",1997,476.27
"TUN",1998,555.52
"TUN",1999,602.81
"TUN",2000,656.7
"TUN",2001,800.09
"TUN",2002,981.44
"TUN",2003,1072.75
"TUN",2004,1354.71
"TUN",2005,1721.41
"TUN",2006,1988.14
"TUN",2007,2309.4
"TUN",2008,2767.78
"TUN",2009,3227.47
"TUN",2010,3459.9
"TUN",2011,3699.17
"TUN",2012,3800.66
"TUN",2013,4230.52
"TUN",2014,4528.82
"TUN",2015,4873.17
"TUN",2016,5415.09
"TUN",2017,5614.15
"TUN",2018,5558.13
"TUN",2019,5205.26
"TUN",2020,4955.74
"TUN",2021,5122.21
"TUN",2022,5730.03
"TUR",1996,5040.7
"TUR",1997,5389.78
"TUR",1998,5770.4
"TUR",1999,6742.31
"TUR",2000,6815.4
"TUR",2001,8591.94
"TUR",2002,10971.39
"TUR",2003,13376.28
"TUR",2004,15871.77
"TUR",2005,17647.28
"TUR",2006,19421.02
"TUR",2007,21483.68
"TUR",2008,21787.66
"TUR",2009,24758.42
"TUR",2010,26145.4
"TUR",2011,26838.73
"TUR",2012,27961.75
"TUR",2013,30007.39
"TUR",2014,30611.18
"TUR",2015,32539.53
"TUR",2016,34932.25
"TUR",2017,33087.1
"TUR",2018,33902.25
"TUR",2019,37976.86
"TUR",2020,40923.32
"TUR",2021,47600.4
"TUR",2022,52657.73
"TUV",1996,0
"TUV",1997,0
"TUV",1998,0
"TUV",1999,0
"TUV",2000,0
"TUV",2001,1
"TUV",2002,0
"TUV",2003,0.6
"TUV",2004,0.61
"TUV",2005,0
"TUV",2006,1.27
"TUV",2007,0.37
"TUV",2008,0.33
"TUV",2009,0.25
"TUV",2010,0
"TUV",2011,0
"TUV",2012,0.04
"TUV",2013,0.33
"TUV",2014,1.13
"TUV",2015,1.09
"TUV",2016,0.41
"TUV",2017,0.65
"TUV",2018,0.48
"TUV",2019,0.12
"TUV",2020,0.39
"TUV",2021,0.06
"TUV",2022,0.52
"TZA",1996,126.74
"TZA",1997,140.72
"TZA",1998,125.04
"TZA",1999,138.93
"TZA",2000,150.68
"TZA",2001,131.48
"TZA",2002,152.33
"TZA",2003,169.1
"TZA",2004,192.25
"TZA",2005,218.52
"TZA",2006,281.75
"TZA",2007,309.05
"TZA",2008,298.69
"TZA",2009,312.61
"TZA",2010,362.54
"TZA",2011,401.13
"TZA",2012,393.1
"TZA",2013,401.29
"TZA",2014,530.03
"TZA",2015,538.35
"TZA",2016,562.74
"TZA",2017,616.07
"TZA",2018,627.21
"TZA",2019,790.66
"TZA",2020,889.34
"TZA",2021,997.15
"TZA",2022,1171.41
"UGA",1996,83.4
"UGA",1997,74.57
"UGA",1998,99.55
"UGA",1999,117.57
"UGA",2000,130.85
"UGA",2001,135.69
"UGA",2002,130.89
"UGA",2003,138.04
"UGA",2004,211.67
"UGA",2005,220.28
"UGA",2006,208.81
"UGA",2007,279.53
"UGA",2008,254.51
"UGA",2009,310.08
"UGA",2010,407.42
"UGA",2011,416.4
"UGA",2012,451.08
"UGA",2013,472.09
"UGA",2014,510.01
"UGA",2015,609.18
"UGA",2016,604.59
"UGA",2017,652.78
"UGA",2018,685.5
"UGA",2019,802.04
"UGA",2020,920.53
"UGA",2021,1207.57
"UGA",2022,1244
"UKR",1996,5646.64
"UKR",1997,6055.68
"UKR",1998,6339.12
"UKR",1999,5576.98
"UKR",2000,5527.45
"UKR",2001,6802.16
"UKR",2002,6040.03
"UKR",2003,5911.63
"UKR",2004,5962.46
"UKR",2005,6117.24
"UKR",2006,5425.57
"UKR",2007,5484.41
"UKR",2008,5953.06
"UKR",2009,5673.58
"UKR",2010,6069.02
"UKR",2011,6319.59
"UKR",2012,6659.32
"UKR",2013,7355.95
"UKR",2014,7282.92
"UKR",2015,7534.41
"UKR",2016,7962.38
"UKR",2017,9161.78
"UKR",2018,10355.29
"UKR",2019,13299.64
"UKR",2020,14058.8
"UKR",2021,15133.9
"UKR",2022,13205.56
"URY",1996,166.03
"URY",1997,199.77
"URY",1998,216.66
"URY",1999,202.75
"URY",2000,224.92
"URY",2001,234.78
"URY",2002,274.53
"URY",2003,282.74
"URY",2004,308.34
"URY",2005,353.36
"URY",2006,363.5
"URY",2007,386.57
"URY",2008,441.63
"URY",2009,483.83
"URY",2010,500.67
"URY",2011,577.09
"URY",2012,584.87
"URY",2013,596.79
"URY",2014,740.37
"URY",2015,697.03
"URY",2016,856.64
"URY",2017,802.09
"URY",2018,926.32
"URY",2019,995.1
"URY",2020,980.26
"URY",2021,1189.05
"URY",2022,1057.66
"USA",1996,313391.54
"USA",1997,311116.82
"USA",1998,302600.31
"USA",1999,296940.93
"USA",2000,306472.5
"USA",2001,306733.89
"USA",2002,320944.51
"USA",2003,336490.55
"USA",2004,360328.73
"USA",2005,390402.56
"USA",2006,394240.08
"USA",2007,396306.1
"USA",2008,399273.41
"USA",2009,404007.54
"USA",2010,413704.71
"USA",2011,426831.73
"USA",2012,430163.93
"USA",2013,432033.06
"USA",2014,434412.33
"USA",2015,436908.38
"USA",2016,437546.04
"USA",2017,440417.99
"USA",2018,447164.41
"USA",2019,451480.17
"USA",2020,457586.9
"USA",2021,472448.44
"USA",2022,457335.25
"UZB",1996,380.02
"UZB",1997,417.37
"UZB",1998,372.05
"UZB",1999,348.26
"UZB",2000,363.31
"UZB",2001,423.13
"UZB",2002,372.27
"UZB",2003,317.17
"UZB",2004,375.91
"UZB",2005,349.91
"UZB",2006,322.62
"UZB",2007,333.09
"UZB",2008,306.83
"UZB",2009,341.19
"UZB",2010,395.01
"UZB",2011,380.73
"UZB",2012,331.89
"UZB",2013,353.35
"UZB",2014,334.27
"UZB",2015,294.17
"UZB",2016,377.68
"UZB",2017,340.02
"UZB",2018,350.52
"UZB",2019,772.6
"UZB",2020,1259.22
"UZB",2021,2408.47
"UZB",2022,2187.4
"VCT",1996,1.4
"VCT",1997,0.67
"VCT",1998,0.25
"VCT",1999,0.5
"VCT",2000,0.42
"VCT",2001,0
"VCT",2002,0.12
"VCT",2003,1.83
"VCT",2004,0.13
"VCT",2005,1
"VCT",2006,0.7
"VCT",2007,1.26
"VCT",2008,0
"VCT",2009,1.13
"VCT",2010,1.02
"VCT",2011,0.05
"VCT",2012,0.92
"VCT",2013,2.2
"VCT",2014,1.51
"VCT",2015,0.76
"VCT",2016,2.26
"VCT",2017,4.25
"VCT",2018,1.22
"VCT",2019,5.26
"VCT",2020,5.24
"VCT",2021,9.79
"VCT",2022,8.36
"VEN",1996,764.15
"VEN",1997,923.2
"VEN",1998,887.79
"VEN",1999,930.82
"VEN",2000,1039.07
"VEN",2001,1022.04
"VEN",2002,1052.92
"VEN",2003,1159.58
"VEN",2004,1089.31
"VEN",2005,1293.94
"VEN",2006,1384.32
"VEN",2007,1388.66
"VEN",2008,1604.42
"VEN",2009,1630.06
"VEN",2010,1477.88
"VEN",2011,1257.42
"VEN",2012,1322.92
"VEN",2013,1201.84
"VEN",2014,1240.06
"VEN",2015,978.48
"VEN",2016,867.57
"VEN",2017,882.12
"VEN",2018,707.07
"VEN",2019,755.19
"VEN",2020,716.5
"VEN",2021,672.65
"VEN",2022,512.19
"VNM",1996,178.4
"VNM",1997,202.34
"VNM",1998,169.51
"VNM",1999,199.92
"VNM",2000,202.08
"VNM",2001,241.05
"VNM",2002,234.14
"VNM",2003,300.38
"VNM",2004,335.7
"VNM",2005,403.83
"VNM",2006,454.15
"VNM",2007,520.22
"VNM",2008,785.39
"VNM",2009,886.15
"VNM",2010,1099.63
"VNM",2011,1220.53
"VNM",2012,1559.95
"VNM",2013,1881.36
"VNM",2014,1943.68
"VNM",2015,2223.04
"VNM",2016,3021.1
"VNM",2017,3279.05
"VNM",2018,4301.7
"VNM",2019,6113.19
"VNM",2020,8265.78
"VNM",2021,9651.04
"VNM",2022,10530.19
"VUT",1996,1.37
"VUT",1997,3.69
"VUT",1998,1.15
"VUT",1999,6.99
"VUT",2000,3.82
"VUT",2001,3.17
"VUT",2002,5.48
"VUT",2003,6.53
"VUT",2004,10.81
"VUT",2005,13.23
"VUT",2006,5.68
"VUT",2007,2.61
"VUT",2008,4.15
"VUT",2009,5.89
"VUT",2010,7.08
"VUT",2011,7.94
"VUT",2012,6.51
"VUT",2013,7.85
"VUT",2014,8.33
"VUT",2015,10.55
"VUT",2016,13.13
"VUT",2017,10.47
"VUT",2018,8.45
"VUT",2019,10.24
"VUT",2020,11.54
"VUT",2021,17.87
"VUT",2022,14.7
"WSM",1996,2.67
"WSM",1997,4.45
"WSM",1998,4.5
"WSM",1999,6.47
"WSM",2000,6.67
"WSM",2001,7.84
"WSM",2002,7.28
"WSM",2003,4.82
"WSM",2004,4.85
"WSM",2005,4.59
"WSM",2006,11.88
"WSM",2007,4.61
"WSM",2008,3.63
"WSM",2009,5.38
"WSM",2010,5.65
"WSM",2011,5.65
"WSM",2012,2.51
"WSM",2013,4.42
"WSM",2014,10.24
"WSM",2015,10.17
"WSM",2016,7.37
"WSM",2017,9.42
"WSM",2018,11.8
"WSM",2019,8.56
"WSM",2020,21.41
"WSM",2021,23.76
"WSM",2022,16.2
"XKX",1996,0
"XKX",1997,0
"XKX",1998,0
"XKX",1999,0
"XKX",2000,0
"XKX",2001,0
"XKX",2002,0
"XKX",2003,0
"XKX",2004,0
"XKX",2005,0
"XKX",2006,0
"XKX",2007,0
"XKX",2008,57.5
"XKX",2009,99.75
"XKX",2010,113.66
"XKX",2011,106.33
"XKX",2012,112.95
"XKX",2013,121.59
"XKX",2014,115.81
"XKX",2015,131.94
"XKX",2016,180.01
"XKX",2017,218.35
"XKX",2018,257.91
"XKX",2019,272.56
"XKX",2020,267.8
"XKX",2021,306.41
"XKX",2022,428.36
"YEM",1996,19.72
"YEM",1997,31.06
"YEM",1998,28.02
"YEM",1999,28.91
"YEM",2000,22.83
"YEM",2001,43.49
"YEM",2002,27.13
"YEM",2003,32.51
"YEM",2004,42.15
"YEM",2005,48.82
"YEM",2006,54.43
"YEM",2007,48.66
"YEM",2008,60.29
"YEM",2009,82.56
"YEM",2010,103.74
"YEM",2011,101.93
"YEM",2012,104.86
"YEM",2013,117.18
"YEM",2014,138.17
"YEM",2015,105.74
"YEM",2016,115.12
"YEM",2017,123.63
"YEM",2018,140.94
"YEM",2019,210.33
"YEM",2020,272.75
"YEM",2021,432.5
"YEM",2022,415.15
"ZAF",1996,3925.39
"ZAF",1997,3924.31
"ZAF",1998,4004.7
"ZAF",1999,4045.03
"ZAF",2000,3964.55
"ZAF",2001,4156.78
"ZAF",2002,4460.97
"ZAF",2003,4386.63
"ZAF",2004,4966.26
"ZAF",2005,5276.54
"ZAF",2006,5842.67
"ZAF",2007,5997.09
"ZAF",2008,6403.51
"ZAF",2009,7199.52
"ZAF",2010,7697.27
"ZAF",2011,8324.47
"ZAF",2012,9105.16
"ZAF",2013,9656.24
"ZAF",2014,10323.83
"ZAF",2015,11148.43
"ZAF",2016,12184.62
"ZAF",2017,13020.27
"ZAF",2018,13477.1
"ZAF",2019,15148.36
"ZAF",2020,15744.73
"ZAF",2021,16092.63
"ZAF",2022,16651.13
"ZMB",1996,50.89
"ZMB",1997,67.53
"ZMB",1998,56.66
"ZMB",1999,60.22
"ZMB",2000,33.6
"ZMB",2001,52.96
"ZMB",2002,59.67
"ZMB",2003,47.39
"ZMB",2004,42.84
"ZMB",2005,61.04
"ZMB",2006,69.62
"ZMB",2007,69.27
"ZMB",2008,92.91
"ZMB",2009,76.75
"ZMB",2010,87.81
"ZMB",2011,100.59
"ZMB",2012,106.86
"ZMB",2013,120.54
"ZMB",2014,129.56
"ZMB",2015,161.52
"ZMB",2016,179.73
"ZMB",2017,208.05
"ZMB",2018,217.51
"ZMB",2019,209.81
"ZMB",2020,266.64
"ZMB",2021,312.77
"ZMB",2022,344.27
"ZWE",1996,225.67
"ZWE",1997,249.91
"ZWE",1998,206.05
"ZWE",1999,254.14
"ZWE",2000,235.57
"ZWE",2001,209.14
"ZWE",2002,169.7
"ZWE",2003,182.34
"ZWE",2004,140.52
"ZWE",2005,141.25
"ZWE",2006,171.9
"ZWE",2007,185.9
"ZWE",2008,126.24
"ZWE",2009,117.6
"ZWE",2010,147.16
"ZWE",2011,141.74
"ZWE",2012,204.73
"ZWE",2013,220.97
"ZWE",2014,269.85
"ZWE",2015,274.6
"ZWE",2016,323.32
"ZWE",2017,339.94
"ZWE",2018,392.5
"ZWE",2019,426.38
"ZWE",2020,456.49
"ZWE",2021,495.68
"ZWE",2022,563.05
